OrderId,OrderStatus,OrderType,IsBusinessOrder,IsReplacementOrder,PurchaseDate,Year,YearMonth,YearQuarter,YearWeek,weekday,LastUpdateDate,LatestShipDate,NumberOfItemsShipped,NumberOfItemsUnshipped,ShipDate,Amount,PostalCode,CountryCode,City,Province,Region
054,Shipped,StandardOrder,0,0,2022-08-15 18:47:11,2022,202208,2022Q3,2022W33,1,2022-08-16 17:09:10,2022-08-16 23:59:59,1,0,2022-08-16 23:59:59,19.99,03010,IT,ACUTO,FR,LAZIO
061,Shipped,StandardOrder,0,0,2022-08-07 19:15:30,2022,202208,2022Q3,2022W31,7,2022-08-17 02:44:42,2022-08-08 23:59:59,1,0,2022-08-08 23:59:59,18.99,62027,IT,SAN SEVERINO MARCHE,MC,MARCHE
142,Shipped,StandardOrder,0,0,2022-09-04 21:35:35,2022,202209,2022Q3,2022W35,7,2022-09-05 03:31:53,2022-09-05 23:59:59,2,0,2022-09-05 23:59:59,41.98,10010,IT,ORIO CANAVESE,TO,PIEMONTE
155,Shipped,StandardOrder,0,0,2022-09-08 19:15:05,2022,202209,2022Q3,2022W36,4,2022-09-08 22:41:22,2022-09-08 23:59:59,1,0,2022-09-08 23:59:59,19.99,96100,IT,SIRACUSA,SR,SICILIA
182,Shipped,StandardOrder,0,0,2022-09-16 14:58:31,2022,202209,2022Q3,2022W37,5,2022-09-17 01:58:18,2022-09-16 23:59:59,1,0,2022-09-16 23:59:59,20.99,20823,IT,LENTATE SUL SEVESO,MB,LOMBARDIA
216,Shipped,StandardOrder,0,0,2022-09-21 09:37:18,2022,202209,2022Q3,2022W38,3,2022-09-21 17:28:11,2022-09-21 23:59:59,1,0,2022-09-21 23:59:59,19.99,88021,IT,BORGIA,CZ,CALABRIA
225,Shipped,StandardOrder,0,0,2022-09-24 15:22:35,2022,202209,2022Q3,2022W38,6,2022-09-24 22:32:40,2022-09-25 23:59:59,1,0,2022-09-25 23:59:59,27.99,27010,IT,MIRADOLO TERME,PV,LOMBARDIA
286,Shipped,StandardOrder,1,0,2022-09-30 17:48:22,2022,202209,2022Q3,2022W39,5,2022-10-02 00:51:49,2022-10-01 23:59:59,1,0,2022-10-01 23:59:59,18.98,71121,IT,FOGGIA,FG,PUGLIA
291,Shipped,StandardOrder,0,0,2022-10-01 17:12:38,2022,202210,2022Q4,2022W39,6,2022-10-02 17:05:44,2022-10-02 23:59:59,1,0,2022-10-02 23:59:59,22.98,37131,IT,VERONA,VR,VENETO
301,Shipped,StandardOrder,0,0,2022-10-02 14:42:34,2022,202210,2022Q4,2022W39,7,2022-10-02 22:20:53,2022-10-03 23:59:59,1,0,2022-10-03 23:59:59,18.99,80036,IT,PALMA CAMPANIA,NaN,CAMPANIA
328,Shipped,StandardOrder,0,0,2022-10-04 09:48:55,2022,202210,2022Q4,2022W40,2,2022-10-04 14:10:34,2022-10-04 23:59:59,1,0,2022-10-04 23:59:59,18.99,87019,IT,SPEZZANO ALBANESE,CS,CALABRIA
432,Shipped,StandardOrder,0,0,2022-10-10 12:39:35,2022,202210,2022Q4,2022W41,1,2022-10-10 19:55:47,2022-10-10 23:59:59,1,0,2022-10-10 23:59:59,19.99,03037,IT,PONTECORVO,FR,LAZIO
030,Canceled,StandardOrder,0,0,2022-08-10 21:47:20,2022,202208,2022Q3,2022W32,3,2022-08-10 21:48:20,2022-08-10 23:59:59,0,0,2022-08-10 23:59:59,0.0,NA,NA,NA,NaN,NAN
056,Shipped,StandardOrder,0,0,2022-08-14 13:52:44,2022,202208,2022Q3,2022W32,7,2022-08-16 17:35:04,2022-08-15 23:59:59,1,0,2022-08-15 23:59:59,18.99,83031,IT,ARIANO IRPINO,AV,CAMPANIA
471,Shipped,StandardOrder,0,0,2022-10-11 20:16:38,2022,202210,2022Q4,2022W41,2,2022-10-12 17:18:59,2022-10-12 23:59:59,1,0,2022-10-12 23:59:59,20.99,27020,IT,MARCIGNAGO,PV,LOMBARDIA
059,Shipped,StandardOrder,0,0,2022-08-15 21:33:46,2022,202208,2022Q3,2022W33,1,2022-08-16 23:33:25,2022-08-16 23:59:59,1,0,2022-08-16 23:59:59,18.99,33039,IT,GRADISCA DI SEDEGLIANO,UD,FRIULI-VENEZIA GIULIA
167,Shipped,StandardOrder,0,0,2022-09-11 20:51:46,2022,202209,2022Q3,2022W36,7,2022-09-13 11:00:48,2022-09-18 23:59:59,2,0,2022-09-18 23:59:59,41.98,44011,IT,FILO,FE,EMILIA-ROMAGNA
406,Shipped,StandardOrder,0,0,2022-10-08 23:11:07,2022,202210,2022Q4,2022W40,6,2022-10-09 09:21:29,2022-10-09 23:59:59,3,0,2022-10-09 23:59:59,56.97,52100,IT,AREZZO,AR,TOSCANA
407,Shipped,StandardOrder,0,0,2022-10-09 00:02:59,2022,202210,2022Q4,2022W40,7,2022-10-09 12:56:38,2022-10-09 23:59:59,1,0,2022-10-09 23:59:59,18.99,71122,IT,FOGGIA,FG,PUGLIA
497,Shipped,StandardOrder,1,0,2022-10-13 20:26:39,2022,202210,2022Q4,2022W41,4,2022-10-14 03:25:15,2022-10-14 23:59:59,2,0,2022-10-14 23:59:59,37.96,24059,IT,URGNANO,BG,LOMBARDIA
234,Shipped,StandardOrder,0,0,2022-09-25 21:03:46,2022,202209,2022Q3,2022W38,7,2022-09-26 04:15:47,2022-09-26 23:59:59,1,0,2022-09-26 23:59:59,20.99,20064,IT,GORGONZOLA,MI,LOMBARDIA
262,Shipped,StandardOrder,1,0,2022-09-28 14:58:22,2022,202209,2022Q3,2022W39,3,2022-09-29 09:29:18,2022-09-29 23:59:59,1,0,2022-09-29 23:59:59,34.98,00153,IT,ROMA,RM,LAZIO
322,Shipped,StandardOrder,0,0,2022-10-03 20:09:37,2022,202210,2022Q4,2022W40,1,2022-10-04 00:40:40,2022-10-03 23:59:59,1,0,2022-10-03 23:59:59,18.99,23897,IT,VIGANO',LC,LOMBARDIA
357,Shipped,StandardOrder,0,0,2022-10-05 21:47:53,2022,202210,2022Q4,2022W40,3,2022-10-06 18:23:20,2022-10-06 23:59:59,1,0,2022-10-06 23:59:59,34.99,96012,IT,AVOLA,SR,SICILIA
394,Shipped,StandardOrder,0,0,2022-10-07 16:30:46,2022,202210,2022Q4,2022W40,5,2022-10-08 19:54:44,2022-10-08 23:59:59,2,0,2022-10-08 23:59:59,42.97,48015,IT,CASTIGLIONE,RA,EMILIA-ROMAGNA
235,Shipped,StandardOrder,0,0,2022-09-26 12:38:55,2022,202209,2022Q3,2022W39,1,2022-09-26 22:21:25,2022-09-26 23:59:59,1,0,2022-09-26 23:59:59,20.99,28019,IT,SUNO,NO,PIEMONTE
381,Shipped,StandardOrder,0,0,2022-10-07 11:23:19,2022,202210,2022Q4,2022W40,5,2022-10-07 22:07:31,2022-10-07 23:59:59,1,0,2022-10-07 23:59:59,29.99,96011,IT,AUGUSTA,SR,SICILIA
462,Shipped,StandardOrder,0,0,2022-10-11 04:52:07,2022,202210,2022Q4,2022W41,2,2022-10-12 01:47:01,2022-10-12 23:59:59,1,0,2022-10-12 23:59:59,19.99,42045,IT,LUZZARA,RE,EMILIA-ROMAGNA
047,Shipped,StandardOrder,0,0,2022-08-12 08:00:45,2022,202208,2022Q3,2022W32,5,2022-08-13 00:35:40,2022-08-12 23:59:59,1,0,2022-08-12 23:59:59,23.98,45010,IT,PETTORAZZA GRIMANI,RO,VENETO
183,Shipped,StandardOrder,0,0,2022-09-16 20:32:03,2022,202209,2022Q3,2022W37,5,2022-09-17 02:49:45,2022-09-16 23:59:59,1,0,2022-09-16 23:59:59,20.99,10090,IT,SAN RAFFAELE CIMENA,TO,PIEMONTE
226,Shipped,StandardOrder,0,0,2022-09-24 22:02:53,2022,202209,2022Q3,2022W38,6,2022-09-25 01:13:41,2022-09-25 23:59:59,1,0,2022-09-25 23:59:59,20.99,20162,IT,MILANO,MI,LOMBARDIA
289,Shipped,StandardOrder,0,0,2022-09-30 22:56:07,2022,202209,2022Q3,2022W39,5,2022-10-02 09:16:08,2022-10-01 23:59:59,1,0,2022-10-01 23:59:59,18.99,29022,IT,BOBBIO,PC,EMILIA-ROMAGNA
486,Shipped,StandardOrder,0,0,2022-10-12 16:25:23,2022,202210,2022Q4,2022W41,3,2022-10-13 15:11:32,2022-10-13 23:59:59,2,0,2022-10-13 23:59:59,41.98,00188,IT,ROMA,RM,LAZIO
050,Shipped,StandardOrder,0,0,2022-08-13 22:22:45,2022,202208,2022Q3,2022W32,6,2022-08-14 01:07:07,2022-08-13 23:59:59,1,0,2022-08-13 23:59:59,19.99,38064,IT,FOLGARIA,TN,TRENTINO-ALTO ADIGE
244,Shipped,StandardOrder,0,0,2022-09-27 18:35:38,2022,202209,2022Q3,2022W39,2,2022-09-27 22:04:16,2022-09-27 23:59:59,1,0,2022-09-27 23:59:59,20.99,15033,IT,CASALE MONFERRATO,AL,PIEMONTE
439,Shipped,StandardOrder,0,0,2022-10-10 15:16:13,2022,202210,2022Q4,2022W41,1,2022-10-11 00:01:12,2022-10-10 23:59:59,1,0,2022-10-10 23:59:59,19.99,80035,IT,NOLA,NaN,CAMPANIA
316,Shipped,StandardOrder,0,0,2022-10-02 17:18:16,2022,202210,2022Q4,2022W39,7,2022-10-03 20:47:25,2022-10-04 23:59:59,1,0,2022-10-04 23:59:59,18.99,24047,IT,TREVIGLIO,BG,LOMBARDIA
356,Shipped,StandardOrder,0,0,2022-10-06 09:23:33,2022,202210,2022Q4,2022W40,4,2022-10-06 15:10:53,2022-10-06 23:59:59,1,0,2022-10-06 23:59:59,19.99,88100,IT,CATANZARO,CZ,CALABRIA
253,Shipped,StandardOrder,0,0,2022-09-28 09:48:08,2022,202209,2022Q3,2022W39,3,2022-09-28 20:03:27,2022-09-28 23:59:59,1,0,2022-09-28 23:59:59,20.49,80067,IT,SORRENTO,NaN,CAMPANIA
247,Shipped,StandardOrder,1,0,2022-09-27 06:26:44,2022,202209,2022Q3,2022W39,2,2022-09-28 02:20:19,2022-09-27 23:59:59,1,0,2022-09-27 23:59:59,18.98,25128,IT,BRESCIA,BS,LOMBARDIA
102,Shipped,StandardOrder,0,0,2022-08-24 16:18:34,2022,202208,2022Q3,2022W34,3,2022-08-25 06:06:03,2022-08-24 23:59:59,1,0,2022-08-24 23:59:59,18.99,47924,IT,RIMINI,RN,EMILIA-ROMAGNA
110,Shipped,StandardOrder,0,0,2022-08-26 20:55:42,2022,202208,2022Q3,2022W34,5,2022-08-27 03:39:46,2022-08-27 23:59:59,1,0,2022-08-27 23:59:59,18.99,24068,IT,SERIATE,BG,LOMBARDIA
127,Shipped,StandardOrder,0,0,2022-08-30 11:53:29,2022,202208,2022Q3,2022W35,2,2022-08-31 09:03:30,2022-08-30 23:59:59,2,0,2022-08-30 23:59:59,69.98,50053,IT,EMPOLI,FI,TOSCANA
135,Shipped,StandardOrder,0,0,2022-09-02 21:32:01,2022,202209,2022Q3,2022W35,5,2022-09-03 01:55:45,2022-09-03 23:59:59,1,0,2022-09-03 23:59:59,17.99,44019,IT,DUCENTOLA,FE,EMILIA-ROMAGNA
455,Shipped,StandardOrder,0,0,2022-10-11 03:47:31,2022,202210,2022Q4,2022W41,2,2022-10-11 22:33:50,2022-10-11 23:59:59,1,0,2022-10-11 23:59:59,19.99,00149,IT,ROMA,RM,LAZIO
119,Shipped,StandardOrder,0,0,2022-08-26 21:44:57,2022,202208,2022Q3,2022W34,5,2022-08-28 17:58:43,2022-08-27 23:59:59,1,0,2022-08-27 23:59:59,18.99,70121,IT,BARI,BA,PUGLIA
313,Shipped,StandardOrder,0,0,2022-10-01 07:58:23,2022,202210,2022Q4,2022W39,6,2022-10-03 16:59:13,2022-10-03 23:59:59,1,0,2022-10-03 23:59:59,18.99,23900,IT,LECCO,LC,LOMBARDIA
436,Shipped,StandardOrder,0,0,2022-10-10 11:13:54,2022,202210,2022Q4,2022W41,1,2022-10-10 23:41:01,2022-10-10 23:59:59,1,0,2022-10-10 23:59:59,19.99,47521,IT,CESENA,NaN,NAN
488,Shipped,StandardOrder,0,0,2022-10-13 09:44:57,2022,202210,2022Q4,2022W41,4,2022-10-13 17:31:04,2022-10-14 23:59:59,1,0,2022-10-14 23:59:59,20.99,36071,IT,ARZIGNANO,VI,VENETO
018,Shipped,StandardOrder,0,0,2022-08-08 09:48:07,2022,202208,2022Q3,2022W32,1,2022-08-08 17:00:08,2022-08-08 23:59:59,1,0,2022-08-08 23:59:59,18.99,31038,IT,PAESE,TV,VENETO
185,Shipped,StandardOrder,0,0,2022-09-17 07:33:25,2022,202209,2022Q3,2022W37,6,2022-09-17 21:26:22,2022-09-17 23:59:59,1,0,2022-09-17 23:59:59,17.99,55100,IT,LUCCA,LU,TOSCANA
360,Shipped,StandardOrder,0,0,2022-10-06 19:02:28,2022,202210,2022Q4,2022W40,4,2022-10-06 22:01:44,2022-10-06 23:59:59,1,0,2022-10-06 23:59:59,12.99,57025,IT,PIOMBINO,LI,TOSCANA
422,Shipped,StandardOrder,0,0,2022-10-09 12:33:25,2022,202210,2022Q4,2022W40,7,2022-10-10 12:16:52,2022-10-10 23:59:59,1,0,2022-10-10 23:59:59,18.99,10078,IT,VENARIA REALE,TO,PIEMONTE
153,Shipped,StandardOrder,0,0,2022-09-08 11:56:44,2022,202209,2022Q3,2022W36,4,2022-09-08 18:07:30,2022-09-09 23:59:59,1,0,2022-09-09 23:59:59,37.99,17017,IT,ROCCAVIGNALE,SV,LIGURIA
419,Shipped,StandardOrder,0,0,2022-10-09 12:03:26,2022,202210,2022Q4,2022W40,7,2022-10-10 04:16:08,2022-10-10 23:59:59,1,0,2022-10-10 23:59:59,19.99,42100,IT,REGGIO NELL'EMILIA,RE,EMILIA-ROMAGNA
166,Shipped,StandardOrder,0,0,2022-09-12 08:29:06,2022,202209,2022Q3,2022W37,1,2022-09-13 00:31:58,2022-09-13 23:59:59,1,0,2022-09-13 23:59:59,17.99,20143,IT,MILANO,MI,LOMBARDIA
311,Shipped,StandardOrder,0,0,2022-10-01 07:41:49,2022,202210,2022Q4,2022W39,6,2022-10-03 14:55:31,2022-10-03 23:59:59,1,0,2022-10-03 23:59:59,18.99,23100,IT,SONDRIO,SO,LOMBARDIA
020,Shipped,StandardOrder,0,0,2022-08-08 11:29:47,2022,202208,2022Q3,2022W32,1,2022-08-08 22:04:39,2022-08-08 23:59:59,1,0,2022-08-08 23:59:59,18.99,19038,IT,SARZANA,SP,LIGURIA
070,Shipped,StandardOrder,0,0,2022-08-18 09:41:30,2022,202208,2022Q3,2022W33,4,2022-08-18 18:25:19,2022-08-18 23:59:59,1,0,2022-08-18 23:59:59,18.99,19123,IT,LA SPEZIA,SP,LIGURIA
080,Shipped,StandardOrder,0,0,2022-08-19 12:02:40,2022,202208,2022Q3,2022W33,5,2022-08-20 03:50:01,2022-08-19 23:59:59,1,0,2022-08-19 23:59:59,18.99,91025,IT,MARSALA,TP,SICILIA
224,Shipped,StandardOrder,0,0,2022-09-23 22:25:25,2022,202209,2022Q3,2022W38,5,2022-09-24 21:49:56,2022-09-24 23:59:59,1,0,2022-09-24 23:59:59,20.99,22063,IT,CANTÙ,CO,LOMBARDIA
130,Shipped,StandardOrder,0,0,2022-09-01 08:15:07,2022,202209,2022Q3,2022W35,4,2022-09-02 16:51:39,2022-09-02 23:59:59,1,0,2022-09-02 23:59:59,30.48,43123,IT,PARMA,PR,EMILIA-ROMAGNA
179,Shipped,StandardOrder,0,0,2022-09-16 17:46:48,2022,202209,2022Q3,2022W37,5,2022-09-16 20:50:27,2022-09-16 23:59:59,2,0,2022-09-16 23:59:59,35.98,21056,IT,INDUNO OLONA,VA,LOMBARDIA
306,Shipped,StandardOrder,0,0,2022-10-02 15:23:42,2022,202210,2022Q4,2022W39,7,2022-10-02 23:33:31,2022-10-03 23:59:59,1,0,2022-10-03 23:59:59,18.99,00055,IT,LADISPOLI,RM,LAZIO
426,Shipped,StandardOrder,0,0,2022-10-10 05:07:23,2022,202210,2022Q4,2022W41,1,2022-10-10 17:31:08,2022-10-10 23:59:59,1,0,2022-10-10 23:59:59,18.99,43036,IT,FIDENZA,PR,EMILIA-ROMAGNA
240,Shipped,StandardOrder,0,0,2022-09-27 16:12:33,2022,202209,2022Q3,2022W39,2,2022-09-27 21:34:32,2022-09-27 23:59:59,4,0,2022-09-27 23:59:59,111.96,00188,IT,ROMA,RM,LAZIO
267,Shipped,StandardOrder,0,0,2022-09-29 10:59:49,2022,202209,2022Q3,2022W39,4,2022-09-30 00:08:31,2022-09-29 23:59:59,1,0,2022-09-29 23:59:59,17.99,50053,IT,EMPOLI,FI,TOSCANA
273,Shipped,StandardOrder,0,0,2022-09-27 10:19:22,2022,202209,2022Q3,2022W39,2,2022-09-30 23:26:08,2022-09-27 23:59:59,1,0,2022-09-27 23:59:59,27.99,20099,IT,SESTO SAN GIOVANNI,MI,LOMBARDIA
139,Shipped,StandardOrder,0,0,2022-09-03 15:23:02,2022,202209,2022Q3,2022W35,6,2022-09-05 02:09:54,2022-09-04 23:59:59,1,0,2022-09-04 23:59:59,27.99,20900,IT,MONZA,MB,LOMBARDIA
007,Shipped,StandardOrder,0,0,2022-08-03 17:19:15,2022,202208,2022Q3,2022W31,3,2022-08-03 22:26:16,2022-08-04 23:59:59,1,0,2022-08-04 23:59:59,19.99,65122,IT,PESCARA,PE,ABRUZZI
124,Shipped,StandardOrder,0,0,2022-08-28 22:02:59,2022,202208,2022Q3,2022W34,7,2022-08-29 17:48:53,2022-08-29 23:59:59,1,0,2022-08-29 23:59:59,18.99,44123,IT,FERRARA,FE,EMILIA-ROMAGNA
160,Shipped,StandardOrder,0,0,2022-09-10 11:08:26,2022,202209,2022Q3,2022W36,6,2022-09-10 23:29:26,2022-09-11 23:59:59,1,0,2022-09-11 23:59:59,20.99,43045,IT,FORNOVO DI TARO,PR,EMILIA-ROMAGNA
315,Shipped,StandardOrder,0,0,2022-10-03 13:25:41,2022,202210,2022Q4,2022W40,1,2022-10-03 18:33:28,2022-10-03 23:59:59,2,0,2022-10-03 23:59:59,69.98,53100,IT,SIENA,SI,TOSCANA
351,Shipped,StandardOrder,0,0,2022-10-05 21:16:54,2022,202210,2022Q4,2022W40,3,2022-10-06 02:21:43,2022-10-06 23:59:59,1,0,2022-10-06 23:59:59,19.99,00136,IT,ROMA,RM,LAZIO
099,Shipped,StandardOrder,0,0,2022-08-24 09:37:30,2022,202208,2022Q3,2022W34,3,2022-08-24 21:06:20,2022-08-24 23:59:59,1,0,2022-08-24 23:59:59,19.99,32016,IT,PIEVE D'ALPAGO,BL,VENETO
150,Shipped,StandardOrder,0,0,2022-09-06 13:35:04,2022,202209,2022Q3,2022W36,2,2022-09-07 09:00:12,2022-09-06 23:59:59,1,0,2022-09-06 23:59:59,31.98,87040,IT,CASTROLIBERO,CS,CALABRIA
279,Shipped,StandardOrder,0,0,2022-09-30 23:05:50,2022,202209,2022Q3,2022W39,5,2022-10-01 03:10:01,2022-10-01 23:59:59,1,0,2022-10-01 23:59:59,19.99,37024,IT,NEGRAR DI VALPOLICELLA,VR,VENETO
355,Shipped,StandardOrder,0,0,2022-10-05 20:30:44,2022,202210,2022Q4,2022W40,3,2022-10-06 12:33:52,2022-10-05 23:59:59,1,0,2022-10-05 23:59:59,19.99,33080,IT,PORCIA,PN,FRIULI-VENEZIA GIULIA
460,Shipped,StandardOrder,0,0,2022-10-11 19:34:13,2022,202210,2022Q4,2022W41,2,2022-10-12 00:07:44,2022-10-11 23:59:59,1,0,2022-10-11 23:59:59,19.99,50025,IT,MONTESPERTOLI,FI,TOSCANA
468,Shipped,StandardOrder,0,0,2022-10-12 09:18:13,2022,202210,2022Q4,2022W41,3,2022-10-12 16:52:45,2022-10-12 23:59:59,2,0,2022-10-12 23:59:59,41.98,21100,IT,VARESE,VA,LOMBARDIA
477,Shipped,StandardOrder,0,0,2022-10-10 16:04:52,2022,202210,2022Q4,2022W41,1,2022-10-12 19:30:58,2022-10-10 23:59:59,1,0,2022-10-10 23:59:59,23.98,22063,IT,VIGHIZZOLO DI CANTU',CO,LOMBARDIA
071,Shipped,StandardOrder,0,0,2022-08-17 22:03:20,2022,202208,2022Q3,2022W33,3,2022-08-18 19:32:51,2022-08-22 23:59:59,1,0,2022-08-22 23:59:59,18.99,27030,IT,CASTELLO D'AGOGNA,PV,LOMBARDIA
222,Shipped,StandardOrder,0,0,2022-09-23 20:05:28,2022,202209,2022Q3,2022W38,5,2022-09-23 22:19:28,2022-09-23 23:59:59,1,0,2022-09-23 23:59:59,20.99,09010,IT,VILLASPECIOSA,CA,SARDEGNA
319,Shipped,StandardOrder,0,0,2022-10-03 14:49:57,2022,202210,2022Q4,2022W40,1,2022-10-03 21:53:00,2022-10-04 23:59:59,1,0,2022-10-04 23:59:59,18.99,10153,IT,TORINO,TO,PIEMONTE
015,Shipped,StandardOrder,0,0,2022-08-05 18:29:18,2022,202208,2022Q3,2022W31,5,2022-08-07 15:44:20,2022-08-06 23:59:59,1,0,2022-08-06 23:59:59,18.99,52028,IT,TERRANUOVA BRACCIOLINI,AR,TOSCANA
297,Shipped,StandardOrder,0,0,2022-10-01 00:43:28,2022,202210,2022Q4,2022W39,6,2022-10-02 20:28:04,2022-10-03 23:59:59,2,0,2022-10-03 23:59:59,37.98,41058,IT,VIGNOLA,MO,EMILIA-ROMAGNA
298,Shipped,StandardOrder,0,0,2022-10-01 20:48:17,2022,202210,2022Q4,2022W39,6,2022-10-02 21:22:28,2022-10-02 23:59:59,1,0,2022-10-02 23:59:59,18.99,40050,IT,SAN BENEDETTO DEL QUERCETO,BO,EMILIA-ROMAGNA
327,Shipped,StandardOrder,0,0,2022-10-03 21:29:35,2022,202210,2022Q4,2022W40,1,2022-10-04 13:25:07,2022-10-03 23:59:59,1,0,2022-10-03 23:59:59,18.99,26833,IT,COMAZZO,LO,LOMBARDIA
337,Shipped,StandardOrder,0,0,2022-10-04 18:53:22,2022,202210,2022Q4,2022W40,2,2022-10-05 16:56:55,2022-10-05 23:59:59,2,0,2022-10-05 23:59:59,35.98,25032,IT,CHIARI,BS,LOMBARDIA
129,Shipped,StandardOrder,0,0,2022-09-01 11:24:22,2022,202209,2022Q3,2022W35,4,2022-09-02 10:30:38,2022-09-01 23:59:59,1,0,2022-09-01 23:59:59,31.98,37045,IT,LEGNAGO,VR,VENETO
209,Shipped,StandardOrder,0,0,2022-09-20 18:46:17,2022,202209,2022Q3,2022W38,2,2022-09-20 22:23:23,2022-09-20 23:59:59,1,0,2022-09-20 23:59:59,27.99,41049,IT,SASSUOLO,MO,EMILIA-ROMAGNA
215,Shipped,StandardOrder,0,0,2022-09-20 18:50:54,2022,202209,2022Q3,2022W38,2,2022-09-21 03:31:20,2022-09-21 23:59:59,1,0,2022-09-21 23:59:59,14.99,16157,IT,GENOVA,GE,LIGURIA
259,Shipped,StandardOrder,0,0,2022-09-28 20:43:44,2022,202209,2022Q3,2022W39,3,2022-09-29 03:37:32,2022-09-29 23:59:59,1,0,2022-09-29 23:59:59,14.99,24050,IT,ZANICA,BG,LOMBARDIA
296,Shipped,StandardOrder,0,0,2022-10-02 10:57:04,2022,202210,2022Q4,2022W39,7,2022-10-02 20:21:14,2022-10-02 23:59:59,1,0,2022-10-02 23:59:59,19.99,21040,IT,LOZZA,VA,LOMBARDIA
366,Shipped,StandardOrder,0,0,2022-10-04 13:18:18,2022,202210,2022Q4,2022W40,2,2022-10-06 23:57:27,2022-10-04 23:59:59,1,0,2022-10-04 23:59:59,19.99,22070,IT,GUANZATE,CO,LOMBARDIA
373,Shipped,StandardOrder,0,0,2022-10-06 13:47:25,2022,202210,2022Q4,2022W40,4,2022-10-07 02:14:48,2022-10-07 23:59:59,1,0,2022-10-07 23:59:59,18.99,40023,IT,CASTEL GUELFO DI BOLOGNA,BO,EMILIA-ROMAGNA
144,Shipped,StandardOrder,0,0,2022-08-29 18:30:53,2022,202208,2022Q3,2022W35,1,2022-09-05 21:32:02,2022-09-05 23:59:59,1,0,2022-09-05 23:59:59,20.99,20017,IT,RHO,MI,LOMBARDIA
219,Shipped,StandardOrder,0,0,2022-09-22 10:16:31,2022,202209,2022Q3,2022W38,4,2022-09-22 17:22:59,2022-09-22 23:59:59,1,0,2022-09-22 23:59:59,19.99,95024,IT,PIANO D'API,CT,SICILIA
162,Shipped,StandardOrder,0,0,2022-09-10 19:26:09,2022,202209,2022Q3,2022W36,6,2022-09-11 14:29:58,2022-09-11 23:59:59,1,0,2022-09-11 23:59:59,27.99,00052,IT,CERVETERI,RM,LAZIO
067,Shipped,StandardOrder,0,0,2022-08-17 08:24:09,2022,202208,2022Q3,2022W33,3,2022-08-18 04:14:17,2022-08-18 23:59:59,1,0,2022-08-18 23:59:59,19.99,42044,IT,SANTA VITTORIA,RE,EMILIA-ROMAGNA
371,Shipped,StandardOrder,0,0,2022-10-06 22:24:51,2022,202210,2022Q4,2022W40,4,2022-10-07 01:28:00,2022-10-06 23:59:59,1,0,2022-10-06 23:59:59,18.99,50013,IT,CAMPI BISENZIO,FI,TOSCANA
467,Shipped,StandardOrder,0,0,2022-10-11 20:27:00,2022,202210,2022Q4,2022W41,2,2022-10-12 16:51:56,2022-10-12 23:59:59,1,0,2022-10-12 23:59:59,20.99,44034,IT,COPPARO,FE,EMILIA-ROMAGNA
478,Shipped,StandardOrder,0,0,2022-10-12 15:08:17,2022,202210,2022Q4,2022W41,3,2022-10-12 21:36:42,2022-10-12 23:59:59,1,0,2022-10-12 23:59:59,19.99,06121,IT,PERUGIA,PG,UMBRIA
412,Shipped,StandardOrder,0,0,2022-10-09 17:32:19,2022,202210,2022Q4,2022W40,7,2022-10-09 22:59:40,2022-10-09 23:59:59,1,0,2022-10-09 23:59:59,19.99,35030,IT,SELVAZZANO DENTRO,PD,VENETO
041,Shipped,StandardOrder,0,0,2022-08-11 16:32:20,2022,202208,2022Q3,2022W32,4,2022-08-12 01:07:35,2022-08-11 23:59:59,2,0,2022-08-11 23:59:59,37.98,28040,IT,LESA,NO,PIEMONTE
236,Shipped,StandardOrder,0,0,2022-09-26 14:11:29,2022,202209,2022Q3,2022W39,1,2022-09-26 22:43:36,2022-09-26 23:59:59,1,0,2022-09-26 23:59:59,14.99,29016,IT,CORTEMAGGIORE,PC,EMILIA-ROMAGNA
282,Shipped,StandardOrder,0,0,2022-09-29 21:47:24,2022,202209,2022Q3,2022W39,4,2022-10-01 17:51:10,2022-09-30 23:59:59,1,0,2022-09-30 23:59:59,17.99,24128,IT,BERGAMO,BG,LOMBARDIA
393,Shipped,StandardOrder,0,0,2022-10-08 10:41:38,2022,202210,2022Q4,2022W40,6,2022-10-08 19:36:23,2022-10-08 23:59:59,1,0,2022-10-08 23:59:59,17.99,03100,IT,FROSINONE,FR,LAZIO
228,Shipped,StandardOrder,0,0,2022-09-24 20:48:59,2022,202209,2022Q3,2022W38,6,2022-09-25 17:34:52,2022-09-25 23:59:59,2,0,2022-09-25 23:59:59,41.98,55051,IT,BARGA,LU,TOSCANA
283,Shipped,StandardOrder,0,0,2022-09-30 19:14:19,2022,202209,2022Q3,2022W39,5,2022-10-01 18:48:23,2022-10-01 23:59:59,2,0,2022-10-01 23:59:59,37.98,10127,IT,TORINO,TO,PIEMONTE
450,Shipped,StandardOrder,0,0,2022-10-11 13:38:16,2022,202210,2022Q4,2022W41,2,2022-10-11 17:35:19,2022-10-11 23:59:59,1,0,2022-10-11 23:59:59,20.99,20020,IT,ARCONATE,MI,LOMBARDIA
481,Shipped,StandardOrder,0,0,2022-10-12 08:49:16,2022,202210,2022Q4,2022W41,3,2022-10-13 01:35:46,2022-10-13 23:59:59,1,0,2022-10-13 23:59:59,19.99,28854,IT,MALESCO,VB,PIEMONTE
046,Shipped,StandardOrder,0,0,2022-08-12 11:35:24,2022,202208,2022Q3,2022W32,5,2022-08-12 21:56:48,2022-08-12 23:59:59,2,0,2022-08-12 23:59:59,37.98,65013,IT,CITTÀ SANT'ANGELO,PE,ABRUZZI
109,Shipped,StandardOrder,0,0,2022-08-25 22:18:45,2022,202208,2022Q3,2022W34,4,2022-08-27 00:42:33,2022-08-26 23:59:59,1,0,2022-08-26 23:59:59,34.99,39100,IT,BOZEN,BZ,TRENTINO-ALTO ADIGE
333,Shipped,StandardOrder,0,0,2022-10-04 16:29:12,2022,202210,2022Q4,2022W40,2,2022-10-04 22:00:12,2022-10-04 23:59:59,1,0,2022-10-04 23:59:59,18.99,61037,IT,MONDOLFO,PU,MARCHE
469,Shipped,StandardOrder,0,0,2022-10-11 17:39:16,2022,202210,2022Q4,2022W41,2,2022-10-12 17:05:53,2022-10-11 23:59:59,2,0,2022-10-11 23:59:59,39.98,04100,IT,LATINA,LT,LAZIO
132,Shipped,StandardOrder,0,0,2022-09-02 09:20:03,2022,202209,2022Q3,2022W35,5,2022-09-02 18:04:16,2022-09-08 23:59:59,1,0,2022-09-08 23:59:59,20.99,00166,IT,ROMA,RM,LAZIO
211,Shipped,StandardOrder,0,0,2022-09-20 20:40:28,2022,202209,2022Q3,2022W38,2,2022-09-21 02:34:11,2022-09-21 23:59:59,1,0,2022-09-21 23:59:59,34.99,42123,IT,REGGIO EMILIA,RE,EMILIA-ROMAGNA
395,Shipped,StandardOrder,0,0,2022-10-08 18:31:12,2022,202210,2022Q4,2022W40,6,2022-10-08 22:04:49,2022-10-09 23:59:59,2,0,2022-10-09 23:59:59,37.98,42031,IT,BAISO,RE,EMILIA-ROMAGNA
117,Shipped,StandardOrder,0,0,2022-08-27 20:57:48,2022,202208,2022Q3,2022W34,6,2022-08-28 10:18:20,2022-08-28 23:59:59,1,0,2022-08-28 23:59:59,18.99,31050,IT,POVEGLIANO,TV,VENETO
335,Shipped,StandardOrder,0,0,2022-10-04 09:20:23,2022,202210,2022Q4,2022W40,2,2022-10-05 00:03:52,2022-10-04 23:59:59,1,0,2022-10-04 23:59:59,19.99,59100,IT,PRATO,PO,TOSCANA
350,Shipped,StandardOrder,0,0,2022-10-05 12:34:08,2022,202210,2022Q4,2022W40,3,2022-10-06 01:55:31,2022-10-05 23:59:59,2,0,2022-10-05 23:59:59,37.98,17021,IT,ALASSIO,SV,LIGURIA
425,Shipped,StandardOrder,0,0,2022-10-10 09:45:14,2022,202210,2022Q4,2022W41,1,2022-10-10 15:06:08,2022-10-11 23:59:59,1,0,2022-10-11 23:59:59,19.99,09040,IT,GUASILA,CA,SARDEGNA
390,Shipped,StandardOrder,1,0,2022-10-07 04:16:29,2022,202210,2022Q4,2022W40,5,2022-10-08 03:21:07,2022-10-08 23:59:59,2,0,2022-10-08 23:59:59,37.96,00049,IT,VELLETRI,RM,LAZIO
016,Shipped,StandardOrder,0,0,2022-08-06 17:39:26,2022,202208,2022Q3,2022W31,6,2022-08-07 17:28:07,2022-08-07 23:59:59,2,0,2022-08-07 23:59:59,36.78,83100,IT,AVELLINO,AV,CAMPANIA
184,Shipped,StandardOrder,0,0,2022-09-16 15:01:20,2022,202209,2022Q3,2022W37,5,2022-09-17 19:37:19,2022-09-17 23:59:59,1,0,2022-09-17 23:59:59,27.99,50055,IT,LASTRA A SIGNA,FI,TOSCANA
188,Shipped,StandardOrder,0,0,2022-09-17 18:00:21,2022,202209,2022Q3,2022W37,6,2022-09-18 00:32:51,2022-09-17 23:59:59,1,0,2022-09-17 23:59:59,20.99,37011,IT,BARDOLINO,VR,VENETO
242,Shipped,StandardOrder,0,0,2022-09-25 16:31:19,2022,202209,2022Q3,2022W38,7,2022-09-27 21:45:28,2022-09-25 23:59:59,1,0,2022-09-25 23:59:59,20.99,33080,IT,PORCIA,PN,FRIULI-VENEZIA GIULIA
308,Shipped,StandardOrder,0,0,2022-09-28 14:38:56,2022,202209,2022Q3,2022W39,3,2022-10-03 02:37:24,2022-09-28 19:00:00,2,0,2022-09-28 19:00:00,35.98,00146,IT,ROMA,RM,LAZIO
314,Shipped,StandardOrder,0,0,2022-10-02 22:04:40,2022,202210,2022Q4,2022W39,7,2022-10-03 18:32:53,2022-10-03 23:59:59,2,0,2022-10-03 23:59:59,37.98,52100,IT,AREZZO,AR,TOSCANA
353,Shipped,StandardOrder,0,0,2022-10-05 16:59:37,2022,202210,2022Q4,2022W40,3,2022-10-06 03:53:10,2022-10-06 23:59:59,1,0,2022-10-06 23:59:59,18.99,74123,IT,TARANTO,TA,PUGLIA
152,Shipped,StandardOrder,0,0,2022-09-07 21:08:38,2022,202209,2022Q3,2022W36,3,2022-09-08 09:05:46,2022-09-08 23:59:59,1,0,2022-09-08 23:59:59,20.99,26900,IT,LODI,LO,LOMBARDIA
265,Shipped,StandardOrder,0,0,2022-09-29 15:16:09,2022,202209,2022Q3,2022W39,4,2022-09-29 20:59:50,2022-09-30 23:59:59,3,0,2022-09-30 23:59:59,67.96,10125,IT,TORINO,TO,PIEMONTE
023,Shipped,StandardOrder,0,0,2022-08-08 19:11:48,2022,202208,2022Q3,2022W32,1,2022-08-09 03:08:05,2022-08-09 23:59:59,1,0,2022-08-09 23:59:59,18.99,16013,IT,CAMPO LIGURE,GE,LIGURIA
094,Shipped,StandardOrder,0,0,2022-08-23 18:09:59,2022,202208,2022Q3,2022W34,2,2022-08-23 22:37:44,2022-08-24 23:59:59,1,0,2022-08-24 23:59:59,18.99,46036,IT,PIEVE DI CORIANO,MN,LOMBARDIA
125,Shipped,StandardOrder,0,0,2022-08-25 21:02:07,2022,202208,2022Q3,2022W34,4,2022-08-30 00:31:04,2022-08-26 23:59:59,1,0,2022-08-26 23:59:59,18.99,40065,IT,PIANORO,BO,EMILIA-ROMAGNA
156,Shipped,StandardOrder,0,0,2022-09-08 14:37:45,2022,202209,2022Q3,2022W36,4,2022-09-09 03:32:39,2022-09-09 23:59:59,1,0,2022-09-09 23:59:59,27.99,00045,IT,GENZANO DI ROMA,RM,LAZIO
480,Shipped,StandardOrder,0,0,2022-10-12 00:04:50,2022,202210,2022Q4,2022W41,3,2022-10-12 23:47:39,2022-10-12 23:59:59,1,0,2022-10-12 23:59:59,19.99,84014,IT,NOCERA INFERIORE,SA,CAMPANIA
107,Shipped,StandardOrder,0,0,2022-08-25 09:59:11,2022,202208,2022Q3,2022W34,4,2022-08-26 03:33:59,2022-08-26 23:59:59,1,0,2022-08-26 23:59:59,18.99,25018,IT,MONTICHIARI,BS,LOMBARDIA
427,Shipped,StandardOrder,0,0,2022-10-09 22:03:38,2022,202210,2022Q4,2022W40,7,2022-10-10 18:59:26,2022-10-10 23:59:59,1,0,2022-10-10 23:59:59,12.99,09131,IT,CAGLIARI,CA,SARDEGNA
198,Shipped,StandardOrder,0,0,2022-09-19 14:44:21,2022,202209,2022Q3,2022W38,1,2022-09-19 18:59:41,2022-09-19 23:59:59,2,0,2022-09-19 23:59:59,69.98,20812,IT,LIMBIATE,MB,LOMBARDIA
200,Shipped,StandardOrder,0,0,2022-09-19 11:00:59,2022,202209,2022Q3,2022W38,1,2022-09-19 23:05:03,2022-09-19 23:59:59,1,0,2022-09-19 23:59:59,34.99,53100,IT,SIENA,SI,TOSCANA
339,Shipped,StandardOrder,0,0,2022-10-05 02:52:19,2022,202210,2022Q4,2022W40,3,2022-10-05 17:47:08,2022-10-06 23:59:59,1,0,2022-10-06 23:59:59,18.99,57017,IT,COLLESALVETTI,LI,TOSCANA
177,Shipped,StandardOrder,0,0,2022-09-15 19:24:26,2022,202209,2022Q3,2022W37,4,2022-09-16 19:24:42,2022-09-16 23:59:59,1,0,2022-09-16 23:59:59,22.99,45011,IT,ADRIA,RO,VENETO
181,Shipped,StandardOrder,0,0,2022-09-15 10:14:02,2022,202209,2022Q3,2022W37,4,2022-09-17 01:57:11,2022-09-16 23:59:59,1,0,2022-09-16 23:59:59,20.99,24010,IT,VEDESETA,BG,LOMBARDIA
199,Shipped,StandardOrder,0,0,2022-09-19 13:50:48,2022,202209,2022Q3,2022W38,1,2022-09-19 22:01:59,2022-09-19 23:59:59,2,0,2022-09-19 23:59:59,69.98,18016,IT,SAN BARTOLOMEO AL MARE,IM,LIGURIA
382,Shipped,StandardOrder,0,0,2022-10-07 18:01:54,2022,202210,2022Q4,2022W40,5,2022-10-07 22:07:38,2022-10-07 23:59:59,1,0,2022-10-07 23:59:59,34.99,83030,IT,SANTA PAOLINA,AV,CAMPANIA
431,Shipped,StandardOrder,0,0,2022-10-10 01:46:43,2022,202210,2022Q4,2022W41,1,2022-10-10 19:50:53,2022-10-10 23:59:59,1,0,2022-10-10 23:59:59,18.99,14100,IT,ASTI,AT,PIEMONTE
490,Shipped,StandardOrder,0,0,2022-10-12 20:42:04,2022,202210,2022Q4,2022W41,3,2022-10-13 18:51:33,2022-10-13 23:59:59,1,0,2022-10-13 23:59:59,19.99,46030,IT,POMPONESCO,MN,LOMBARDIA
148,Shipped,StandardOrder,0,0,2022-09-06 21:52:47,2022,202209,2022Q3,2022W36,2,2022-09-07 01:36:58,2022-09-06 23:59:59,1,0,2022-09-06 23:59:59,27.99,20833,IT,GIUSSANO,MB,LOMBARDIA
233,Shipped,StandardOrder,0,0,2022-09-23 12:46:45,2022,202209,2022Q3,2022W38,5,2022-09-26 00:29:15,2022-09-24 23:59:59,1,0,2022-09-24 23:59:59,27.99,46100,IT,MANTOVA,MN,LOMBARDIA
365,Shipped,StandardOrder,0,0,2022-10-06 20:21:37,2022,202210,2022Q4,2022W40,4,2022-10-06 23:31:55,2022-10-06 23:59:59,1,0,2022-10-06 23:59:59,19.99,35020,IT,MASERA' DI PADOVA,PD,VENETO
173,Shipped,StandardOrder,0,0,2022-09-15 11:10:23,2022,202209,2022Q3,2022W37,4,2022-09-16 00:23:21,2022-09-15 23:59:59,1,0,2022-09-15 23:59:59,27.99,20881,IT,BERNAREGGIO,MB,LOMBARDIA
268,Shipped,StandardOrder,0,0,2022-09-29 13:45:26,2022,202209,2022Q3,2022W39,4,2022-09-30 00:25:35,2022-09-29 23:59:59,1,0,2022-09-29 23:59:59,10.99,39100,IT,BOLZANO,BZ,TRENTINO-ALTO ADIGE
441,Shipped,StandardOrder,0,0,2022-10-10 18:31:36,2022,202210,2022Q4,2022W41,1,2022-10-11 01:13:30,2022-10-10 23:59:59,1,0,2022-10-10 23:59:59,19.99,26827,IT,TERRANOVA DEI PASSERINI,LO,LOMBARDIA
500,Shipped,StandardOrder,0,0,2022-10-12 22:56:12,2022,202210,2022Q4,2022W41,3,2022-10-14 03:40:04,2022-10-13 23:59:59,1,0,2022-10-13 23:59:59,19.99,00045,IT,GENZANO DI ROMA,RM,LAZIO
424,Shipped,StandardOrder,0,0,2022-10-10 08:22:58,2022,202210,2022Q4,2022W41,1,2022-10-10 13:53:03,2022-10-10 23:59:59,1,0,2022-10-10 23:59:59,18.99,31020,IT,FONTANE DI VILLORBA,TV,VENETO
349,Shipped,StandardOrder,0,0,2022-10-05 16:54:32,2022,202210,2022Q4,2022W40,3,2022-10-06 00:18:05,2022-10-05 23:59:59,1,0,2022-10-05 23:59:59,34.99,53100,IT,SIENA,SI,TOSCANA
363,Shipped,StandardOrder,1,0,2022-10-05 18:01:52,2022,202210,2022Q4,2022W40,3,2022-10-06 22:43:03,2022-10-06 23:59:59,1,0,2022-10-06 23:59:59,18.98,00186,IT,ROMA,RM,LAZIO
033,Shipped,StandardOrder,0,0,2022-08-10 13:56:02,2022,202208,2022Q3,2022W32,3,2022-08-11 01:28:20,2022-08-10 23:59:59,2,0,2022-08-10 23:59:59,30.38,14010,IT,SAN MARTINO ALFIERI,AT,PIEMONTE
121,Shipped,StandardOrder,0,0,2022-08-28 14:50:06,2022,202208,2022Q3,2022W34,7,2022-08-28 22:32:25,2022-08-28 23:59:59,2,0,2022-08-28 23:59:59,37.98,25056,IT,PONTE DI LEGNO,BS,LOMBARDIA
370,Shipped,StandardOrder,0,0,2022-10-06 00:08:52,2022,202210,2022Q4,2022W40,4,2022-10-07 01:27:09,2022-10-06 23:59:59,1,0,2022-10-06 23:59:59,19.99,20162,IT,MILANO,MI,LOMBARDIA
398,Shipped,StandardOrder,0,0,2022-10-07 21:17:53,2022,202210,2022Q4,2022W40,5,2022-10-08 23:46:51,2022-10-08 23:59:59,1,0,2022-10-08 23:59:59,18.99,28043,IT,BELLINZAGO NOVARESE,NO,PIEMONTE
487,Shipped,StandardOrder,0,0,2022-10-13 13:12:52,2022,202210,2022Q4,2022W41,4,2022-10-13 16:32:20,2022-10-13 23:59:59,1,0,2022-10-13 23:59:59,19.99,00072,IT,ARICCIA,RM,LAZIO
492,Shipped,StandardOrder,1,0,2022-10-13 11:42:27,2022,202210,2022Q4,2022W41,4,2022-10-13 21:20:36,2022-10-13 23:59:59,3,0,2022-10-13 23:59:59,58.81,41042,IT,FIORANO MODENESE,MO,EMILIA-ROMAGNA
021,Shipped,StandardOrder,0,0,2022-08-08 14:30:55,2022,202208,2022Q3,2022W32,1,2022-08-08 22:27:14,2022-08-08 23:59:59,1,0,2022-08-08 23:59:59,9.99,20121,IT,MILANO,MI,LOMBARDIA
266,Shipped,StandardOrder,0,0,2022-09-29 18:10:45,2022,202209,2022Q3,2022W39,4,2022-09-29 21:35:10,2022-09-29 23:59:59,1,0,2022-09-29 23:59:59,20.99,36033,IT,ISOLA VICENTINA,VI,VENETO
299,Shipped,StandardOrder,0,0,2022-10-02 14:03:01,2022,202210,2022Q4,2022W39,7,2022-10-02 22:05:26,2022-10-03 23:59:59,1,0,2022-10-03 23:59:59,18.99,24040,IT,PONTIROLO NUOVO,BG,LOMBARDIA
475,Shipped,StandardOrder,0,0,2022-10-12 09:55:33,2022,202210,2022Q4,2022W41,3,2022-10-12 19:11:42,2022-10-12 23:59:59,1,0,2022-10-12 23:59:59,20.99,00179,IT,ROMA,RM,LAZIO
485,Shipped,StandardOrder,0,0,2022-10-12 19:50:40,2022,202210,2022Q4,2022W41,3,2022-10-13 14:27:03,2022-10-13 23:59:59,1,0,2022-10-13 23:59:59,19.99,13040,IT,SALUGGIA,VC,PIEMONTE
002,Shipped,StandardOrder,0,0,2022-08-02 10:48:18,2022,202208,2022Q3,2022W31,2,2022-08-02 13:51:15,2022-08-02 23:59:59,1,0,2022-08-02 23:59:59,20.99,05100,IT,TERNI,TR,UMBRIA
196,Shipped,StandardOrder,0,0,2022-09-18 01:51:38,2022,202209,2022Q3,2022W37,7,2022-09-19 02:28:28,2022-09-19 23:59:59,1,0,2022-09-19 23:59:59,27.99,00188,IT,ROMA,RM,LAZIO
352,Shipped,StandardOrder,0,0,2022-10-05 20:57:07,2022,202210,2022Q4,2022W40,3,2022-10-06 02:22:00,2022-10-06 23:59:59,1,0,2022-10-06 23:59:59,18.99,26845,IT,CODOGNO,LO,LOMBARDIA
404,Shipped,StandardOrder,0,0,2022-10-08 14:18:47,2022,202210,2022Q4,2022W40,6,2022-10-09 03:32:30,2022-10-09 23:59:59,1,0,2022-10-09 23:59:59,18.99,00152,IT,ROMA,RM,LAZIO
473,Shipped,StandardOrder,0,0,2022-10-12 14:32:57,2022,202210,2022Q4,2022W41,3,2022-10-12 17:29:54,2022-10-13 23:59:59,1,0,2022-10-13 23:59:59,19.99,34071,IT,CORMONS,GO,FRIULI-VENEZIA GIULIA
081,Shipped,StandardOrder,0,0,2022-08-20 11:21:08,2022,202208,2022Q3,2022W33,6,2022-08-20 21:27:22,2022-08-21 23:59:59,1,0,2022-08-21 23:59:59,18.99,21013,IT,GALLARATE,VA,LOMBARDIA
146,Shipped,StandardOrder,0,0,2022-09-06 18:58:47,2022,202209,2022Q3,2022W36,2,2022-09-06 23:44:36,2022-09-07 23:59:59,2,0,2022-09-07 23:59:59,30.98,63822,IT,PORTO SAN GIORGIO,FM,MARCHE
361,Shipped,StandardOrder,0,0,2022-10-06 01:25:57,2022,202210,2022Q4,2022W40,4,2022-10-06 22:32:30,2022-10-06 11:30:00,4,0,2022-10-06 11:30:00,75.96,00176,IT,ROMA,RM,LAZIO
459,Shipped,StandardOrder,0,0,2022-10-11 18:56:17,2022,202210,2022Q4,2022W41,2,2022-10-11 23:56:48,2022-10-12 23:59:59,1,0,2022-10-12 23:59:59,19.99,21059,IT,VIGGIÙ,VA,LOMBARDIA
005,Shipped,StandardOrder,1,0,2022-08-01 17:47:00,2022,202208,2022Q3,2022W31,1,2022-08-03 08:04:20,2022-08-01 23:59:59,1,0,2022-08-01 23:59:59,20.98,62012,IT,CIVITANOVA MARCHE,MC,MARCHE
010,Shipped,StandardOrder,0,0,2022-08-03 15:29:15,2022,202208,2022Q3,2022W31,3,2022-08-05 12:28:52,2022-08-04 23:59:59,1,0,2022-08-04 23:59:59,17.99,00157,IT,ROMA,RM,LAZIO
072,Shipped,StandardOrder,0,0,2022-08-18 11:08:40,2022,202208,2022Q3,2022W33,4,2022-08-18 22:31:50,2022-08-19 23:59:59,2,0,2022-08-19 23:59:59,37.98,42124,IT,REGGIO EMILIA,RE,EMILIA-ROMAGNA
140,Shipped,StandardOrder,0,0,2022-09-04 23:15:24,2022,202209,2022Q3,2022W35,7,2022-09-05 02:37:30,2022-09-05 23:59:59,1,0,2022-09-05 23:59:59,20.99,28047,IT,OLEGGIO,NO,PIEMONTE
288,Shipped,StandardOrder,0,0,2022-10-01 20:46:29,2022,202210,2022Q4,2022W39,6,2022-10-02 09:14:20,2022-10-02 23:59:59,1,0,2022-10-02 23:59:59,18.99,22015,IT,GRAVEDONA ED UNITI,CO,LOMBARDIA
136,Shipped,StandardOrder,0,0,2022-09-03 12:41:15,2022,202209,2022Q3,2022W35,6,2022-09-04 01:48:55,2022-09-03 23:59:59,1,0,2022-09-03 23:59:59,31.98,25088,IT,TOSCOLANO MADERNO,BS,LOMBARDIA
372,Shipped,StandardOrder,0,0,2022-10-06 22:23:19,2022,202210,2022Q4,2022W40,4,2022-10-07 02:00:10,2022-10-06 23:59:59,3,0,2022-10-06 23:59:59,56.97,25062,IT,CONCESIO,BS,LOMBARDIA
413,Shipped,StandardOrder,0,0,2022-10-09 13:51:19,2022,202210,2022Q4,2022W40,7,2022-10-10 00:29:23,2022-10-09 23:59:59,1,0,2022-10-09 23:59:59,19.99,20122,IT,MILANO,MI,LOMBARDIA
053,Shipped,StandardOrder,0,0,2022-08-11 17:41:37,2022,202208,2022Q3,2022W32,4,2022-08-16 07:31:25,2022-08-12 23:59:59,1,0,2022-08-12 23:59:59,18.99,21049,IT,TRADATE,VA,LOMBARDIA
009,Shipped,StandardOrder,0,0,2022-08-04 15:48:30,2022,202208,2022Q3,2022W31,4,2022-08-04 19:22:50,2022-08-04 23:59:59,2,0,2022-08-04 23:59:59,75.98,35012,IT,CAMPOSAMPIERO,PD,VENETO
063,Shipped,StandardOrder,0,0,2022-08-16 10:31:00,2022,202208,2022Q3,2022W33,2,2022-08-17 19:36:56,2022-08-29 23:59:59,2,0,2022-08-29 23:59:59,37.98,10020,IT,BALDISSERO TORINESE,TO,PIEMONTE
190,Shipped,StandardOrder,0,0,2022-09-17 16:04:27,2022,202209,2022Q3,2022W37,6,2022-09-18 02:24:16,2022-09-17 23:59:59,1,0,2022-09-17 23:59:59,20.99,25030,IT,CASTELCOVATI,BS,LOMBARDIA
453,Shipped,StandardOrder,0,0,2022-10-10 22:48:37,2022,202210,2022Q4,2022W41,1,2022-10-11 21:56:49,2022-10-11 23:59:59,1,0,2022-10-11 23:59:59,29.99,20900,IT,MONZA,MB,LOMBARDIA
212,Shipped,StandardOrder,0,0,2022-09-20 12:47:28,2022,202209,2022Q3,2022W38,2,2022-09-21 02:51:42,2022-09-20 23:59:59,1,0,2022-09-20 23:59:59,20.99,40066,IT,PIEVE DI CENTO,BO,EMILIA-ROMAGNA
434,Shipped,StandardOrder,0,0,2022-10-10 10:12:26,2022,202210,2022Q4,2022W41,1,2022-10-10 22:36:13,2022-10-11 23:59:59,2,0,2022-10-11 23:59:59,39.98,22100,IT,COMO,CO,LOMBARDIA
278,Shipped,StandardOrder,0,0,2022-09-30 10:08:01,2022,202209,2022Q3,2022W39,5,2022-10-01 02:54:11,2022-09-30 23:59:59,1,0,2022-09-30 23:59:59,20.99,51100,IT,PISTOIA,PT,TOSCANA
408,Shipped,StandardOrder,0,0,2022-10-08 17:14:04,2022,202210,2022Q4,2022W40,6,2022-10-09 17:35:46,2022-10-09 23:59:59,1,0,2022-10-09 23:59:59,18.99,24060,IT,ADRARA SAN ROCCO,BG,LOMBARDIA
101,Shipped,StandardOrder,0,0,2022-08-23 11:27:52,2022,202208,2022Q3,2022W34,2,2022-08-25 01:03:30,2022-08-24 23:59:59,1,0,2022-08-24 23:59:59,12.99,70122,IT,BARI,BA,PUGLIA
126,Shipped,StandardOrder,0,0,2022-08-25 16:47:29,2022,202208,2022Q3,2022W34,4,2022-08-30 13:08:03,2022-09-02 23:59:59,1,0,2022-09-02 23:59:59,9.99,73024,IT,MAGLIE,LE,PUGLIA
223,Shipped,StandardOrder,0,0,2022-09-23 20:57:18,2022,202209,2022Q3,2022W38,5,2022-09-24 01:35:58,2022-09-23 23:59:59,1,0,2022-09-23 23:59:59,27.99,30032,IT,FIESSO D'ARTICO,VE,VENETO
317,Shipped,StandardOrder,0,0,2022-10-02 13:33:24,2022,202210,2022Q4,2022W39,7,2022-10-03 20:57:34,2022-10-04 23:59:59,1,0,2022-10-04 23:59:59,18.99,66022,IT,FOSSACESIA,CH,ABRUZZI
331,Shipped,StandardOrder,0,0,2022-10-03 17:43:45,2022,202210,2022Q4,2022W40,1,2022-10-04 18:32:01,2022-10-04 23:59:59,2,0,2022-10-04 23:59:59,37.98,10128,IT,TORINO,TO,PIEMONTE
402,Shipped,StandardOrder,0,0,2022-10-08 20:10:50,2022,202210,2022Q4,2022W40,6,2022-10-09 01:37:41,2022-10-08 23:59:59,1,0,2022-10-08 23:59:59,19.99,44123,IT,FERRARA,FE,EMILIA-ROMAGNA
423,Shipped,StandardOrder,0,0,2022-10-09 15:47:16,2022,202210,2022Q4,2022W40,7,2022-10-10 12:36:57,2022-10-09 23:59:59,1,0,2022-10-09 23:59:59,22.98,13100,IT,VERCELLI,VC,PIEMONTE
151,Shipped,StandardOrder,0,0,2022-09-07 21:40:36,2022,202209,2022Q3,2022W36,3,2022-09-08 06:02:11,2022-09-08 23:59:59,1,0,2022-09-08 23:59:59,20.99,22063,IT,CANTÙ,CO,LOMBARDIA
090,Shipped,StandardOrder,0,0,2022-08-22 10:03:39,2022,202208,2022Q3,2022W34,1,2022-08-22 22:36:55,2022-08-23 23:59:59,1,0,2022-08-23 23:59:59,19.99,46034,IT,VIRGILIO,MN,LOMBARDIA
104,Shipped,StandardOrder,1,0,2022-08-24 13:25:16,2022,202208,2022Q3,2022W34,3,2022-08-25 15:31:23,2022-08-24 23:59:59,1,0,2022-08-24 23:59:59,18.98,30021,IT,CAORLE,VE,VENETO
057,Shipped,StandardOrder,0,0,2022-08-15 08:19:05,2022,202208,2022Q3,2022W33,1,2022-08-16 22:03:26,2022-08-16 23:59:59,1,0,2022-08-16 23:59:59,18.99,28047,IT,OLEGGIO,NO,PIEMONTE
158,Shipped,StandardOrder,0,0,2022-09-09 10:50:56,2022,202209,2022Q3,2022W36,5,2022-09-09 19:03:35,2022-09-09 23:59:59,1,0,2022-09-09 23:59:59,34.99,95040,IT,MIRABELLA IMBACCARI,CT,SICILIA
192,Shipped,StandardOrder,0,0,2022-09-17 13:53:33,2022,202209,2022Q3,2022W37,6,2022-09-18 06:11:28,2022-09-17 23:59:59,1,0,2022-09-17 23:59:59,20.99,28047,IT,OLEGGIO,NO,PIEMONTE
085,Shipped,StandardOrder,0,0,2022-08-20 12:30:26,2022,202208,2022Q3,2022W33,6,2022-08-22 04:11:45,2022-08-23 23:59:59,1,0,2022-08-23 23:59:59,20.99,24040,IT,CANONICA D'ADDA,BG,LOMBARDIA
032,Shipped,StandardOrder,0,0,2022-08-10 07:28:35,2022,202208,2022Q3,2022W32,3,2022-08-11 01:20:08,2022-08-11 23:59:59,1,0,2022-08-11 23:59:59,19.99,26854,IT,PIEVE FISSIRAGA,LO,LOMBARDIA
052,Shipped,StandardOrder,0,0,2022-08-13 10:32:06,2022,202208,2022Q3,2022W32,6,2022-08-15 03:36:15,2022-08-14 23:59:59,1,0,2022-08-14 23:59:59,18.99,40013,IT,CASTELMAGGIORE,BO,EMILIA-ROMAGNA
232,Shipped,StandardOrder,0,0,2022-09-25 15:16:00,2022,202209,2022Q3,2022W38,7,2022-09-25 23:09:49,2022-09-26 23:59:59,1,0,2022-09-26 23:59:59,14.99,10142,IT,TORINO,TO,PIEMONTE
022,Shipped,StandardOrder,0,0,2022-08-05 07:55:55,2022,202208,2022Q3,2022W31,5,2022-08-08 22:38:55,2022-08-08 23:59:59,1,0,2022-08-08 23:59:59,39.24,67057,IT,PESCINA,AQ,ABRUZZI
484,Shipped,StandardOrder,0,0,2022-10-10 19:38:35,2022,202210,2022Q4,2022W41,1,2022-10-13 09:31:29,2022-10-11 23:59:59,1,0,2022-10-11 23:59:59,34.99,95129,IT,CATANIA,CT,SICILIA
498,Shipped,StandardOrder,0,0,2022-10-13 18:32:36,2022,202210,2022Q4,2022W41,4,2022-10-14 03:25:18,2022-10-14 23:59:59,1,0,2022-10-14 23:59:59,19.99,20007,IT,CORNAREDO,MI,LOMBARDIA
290,Canceled,StandardOrder,0,0,2022-10-02 10:06:52,2022,202210,2022Q4,2022W39,7,2022-10-02 10:56:14,2022-10-03 23:59:59,0,0,2022-10-03 23:59:59,0.0,NA,NA,NA,NaN,NAN
051,Shipped,StandardOrder,0,0,2022-08-14 12:54:26,2022,202208,2022Q3,2022W32,7,2022-08-14 16:46:11,2022-08-14 23:59:59,1,0,2022-08-14 23:59:59,34.99,00047,IT,MARINO,RM,LAZIO
120,Shipped,StandardOrder,0,0,2022-08-28 12:03:34,2022,202208,2022Q3,2022W34,7,2022-08-28 22:21:24,2022-08-29 23:59:59,1,0,2022-08-29 23:59:59,12.99,85024,IT,LAVELLO,PZ,BASILICATA
447,Shipped,StandardOrder,0,0,2022-10-10 21:46:21,2022,202210,2022Q4,2022W41,1,2022-10-11 15:00:48,2022-10-11 23:59:59,1,0,2022-10-11 23:59:59,19.99,16010,IT,MASONE,GE,LIGURIA
068,Shipped,StandardOrder,0,0,2022-08-17 23:15:45,2022,202208,2022Q3,2022W33,3,2022-08-18 17:04:24,2022-08-18 23:59:59,1,0,2022-08-18 23:59:59,18.99,67063,IT,ORICOLA,AQ,ABRUZZI
309,Shipped,StandardOrder,0,0,2022-10-02 19:09:33,2022,202210,2022Q4,2022W39,7,2022-10-03 11:51:54,2022-10-03 23:59:59,1,0,2022-10-03 23:59:59,18.99,98124,IT,MESSINA,ME,SICILIA
031,Shipped,StandardOrder,0,0,2022-08-10 09:20:24,2022,202208,2022Q3,2022W32,3,2022-08-10 21:58:02,2022-08-10 23:59:59,2,0,2022-08-10 23:59:59,37.98,20093,IT,COLOGNO MONZESE,MI,LOMBARDIA
078,Shipped,StandardOrder,0,0,2022-08-19 12:09:32,2022,202208,2022Q3,2022W33,5,2022-08-20 01:03:58,2022-08-19 23:59:59,1,0,2022-08-19 23:59:59,18.99,28822,IT,CANNOBIO,VB,PIEMONTE
451,Shipped,StandardOrder,0,0,2022-10-10 20:41:40,2022,202210,2022Q4,2022W41,1,2022-10-11 18:28:55,2022-10-11 23:59:59,1,0,2022-10-11 23:59:59,34.99,53100,IT,SIENA,SI,TOSCANA
345,Shipped,StandardOrder,0,0,2022-10-04 11:31:13,2022,202210,2022Q4,2022W40,2,2022-10-05 21:49:57,2022-10-06 23:59:59,3,0,2022-10-06 23:59:59,56.97,20823,IT,LENTATE SUL SEVESO,MB,LOMBARDIA
210,Shipped,StandardOrder,0,0,2022-09-19 13:55:31,2022,202209,2022Q3,2022W38,1,2022-09-20 23:03:38,2022-09-19 23:59:59,1,0,2022-09-19 23:59:59,20.99,98123,IT,MESSINA,ME,SICILIA
261,Shipped,StandardOrder,0,0,2022-09-28 10:08:47,2022,202209,2022Q3,2022W39,3,2022-09-29 05:47:31,2022-09-29 23:59:59,1,0,2022-09-29 23:59:59,19.99,20094,IT,CORSICO,MI,LOMBARDIA
389,Shipped,StandardOrder,1,0,2022-10-01 21:27:19,2022,202210,2022Q4,2022W39,6,2022-10-08 02:32:03,2022-10-02 23:59:59,1,0,2022-10-02 23:59:59,21.66,39100,IT,BOLZANO,BZ,TRENTINO-ALTO ADIGE
448,Shipped,StandardOrder,0,0,2022-10-11 12:49:41,2022,202210,2022Q4,2022W41,2,2022-10-11 16:25:49,2022-10-12 23:59:59,1,0,2022-10-12 23:59:59,19.99,22060,IT,CABIATE,CO,LOMBARDIA
103,Shipped,StandardOrder,0,0,2022-08-24 21:25:59,2022,202208,2022Q3,2022W34,3,2022-08-25 10:24:18,2022-08-25 23:59:59,1,0,2022-08-25 23:59:59,18.99,00135,IT,ROMA,RM,LAZIO
084,Shipped,StandardOrder,0,0,2022-08-19 20:57:04,2022,202208,2022Q3,2022W33,5,2022-08-21 15:08:46,2022-08-20 23:59:59,1,0,2022-08-20 23:59:59,18.99,63900,IT,FERMO,FM,MARCHE
159,Shipped,StandardOrder,0,0,2022-09-10 13:53:30,2022,202209,2022Q3,2022W36,6,2022-09-10 22:43:17,2022-09-11 23:59:59,1,0,2022-09-11 23:59:59,20.99,00153,IT,ROMA,RM,LAZIO
260,Shipped,StandardOrder,0,0,2022-09-28 20:29:38,2022,202209,2022Q3,2022W39,3,2022-09-29 05:36:00,2022-09-29 23:59:59,1,0,2022-09-29 23:59:59,27.99,12061,IT,CARRÙ,CN,PIEMONTE
292,Shipped,StandardOrder,0,0,2022-10-01 23:21:17,2022,202210,2022Q4,2022W39,6,2022-10-02 17:46:18,2022-10-02 23:59:59,1,0,2022-10-02 23:59:59,10.99,93100,IT,CALTANISSETTA,CL,SICILIA
386,Shipped,StandardOrder,0,0,2022-10-07 12:55:49,2022,202210,2022Q4,2022W40,5,2022-10-08 00:33:11,2022-10-07 23:59:59,1,0,2022-10-07 23:59:59,19.99,30015,IT,CHIOGGIA,VE,VENETO
493,Shipped,StandardOrder,0,0,2022-10-13 17:47:59,2022,202210,2022Q4,2022W41,4,2022-10-13 21:34:08,2022-10-13 23:59:59,3,0,2022-10-13 23:59:59,59.97,18034,IT,CERIANA,IM,LIGURIA
012,Shipped,StandardOrder,0,0,2022-08-05 08:16:37,2022,202208,2022Q3,2022W31,5,2022-08-06 01:07:12,2022-08-05 23:59:59,1,0,2022-08-05 23:59:59,19.99,38042,IT,BASELGA DI PINE',TN,TRENTINO-ALTO ADIGE
342,Shipped,StandardOrder,0,0,2022-10-05 09:11:44,2022,202210,2022Q4,2022W40,3,2022-10-05 19:31:57,2022-10-05 23:59:59,1,0,2022-10-05 23:59:59,18.99,41122,IT,MODENA,MO,EMILIA-ROMAGNA
464,Shipped,StandardOrder,0,0,2022-10-11 02:24:53,2022,202210,2022Q4,2022W41,2,2022-10-12 06:17:29,2022-10-12 23:59:59,1,0,2022-10-12 23:59:59,19.99,10125,IT,TORINO,TO,PIEMONTE
087,Shipped,StandardOrder,0,0,2022-08-21 22:05:40,2022,202208,2022Q3,2022W33,7,2022-08-22 17:43:10,2022-08-22 23:59:59,1,0,2022-08-22 23:59:59,18.99,52044,IT,CORTONA,AR,TOSCANA
161,Shipped,StandardOrder,0,0,2022-09-10 13:36:51,2022,202209,2022Q3,2022W36,6,2022-09-11 10:25:44,2022-09-11 23:59:59,1,0,2022-09-11 23:59:59,20.99,57016,IT,ROSIGNANO MARITTIMO,LI,TOSCANA
008,Canceled,StandardOrder,0,0,2022-08-04 14:47:28,2022,202208,2022Q3,2022W31,4,2022-08-04 15:47:18,2022-08-04 23:59:59,0,0,2022-08-04 23:59:59,0.0,NA,NA,NA,NaN,NAN
058,Shipped,StandardOrder,0,0,2022-08-16 01:19:06,2022,202208,2022Q3,2022W33,2,2022-08-16 23:31:23,2022-08-16 19:29:16,2,0,2022-08-16 19:29:16,79.98,16145,IT,GENOVA,GE,LIGURIA
079,Shipped,StandardOrder,0,0,2022-08-19 13:04:52,2022,202208,2022Q3,2022W33,5,2022-08-20 03:26:12,2022-08-20 23:59:59,1,0,2022-08-20 23:59:59,18.99,25084,IT,GARGNANO,BS,LOMBARDIA
415,Shipped,StandardOrder,1,0,2022-10-07 19:36:29,2022,202210,2022Q4,2022W40,5,2022-10-10 02:36:13,2022-10-08 23:59:59,6,0,2022-10-08 23:59:59,113.88,25078,IT,VESTONE,BS,LOMBARDIA
036,Canceled,StandardOrder,0,0,2022-08-11 15:35:13,2022,202208,2022Q3,2022W32,4,2022-08-11 16:03:15,2022-08-12 23:59:59,0,0,2022-08-12 23:59:59,0.0,NA,NA,NA,NaN,NAN
105,Shipped,StandardOrder,1,0,2022-08-24 17:55:35,2022,202208,2022Q3,2022W34,3,2022-08-25 22:30:00,2022-08-25 23:59:59,1,0,2022-08-25 23:59:59,18.98,25080,IT,TIGNALE,BS,LOMBARDIA
354,Shipped,StandardOrder,0,0,2022-10-03 21:22:58,2022,202210,2022Q4,2022W40,1,2022-10-06 10:22:18,2022-10-04 12:45:00,2,0,2022-10-04 12:45:00,37.98,30035,IT,MIRANO,VE,VENETO
131,Shipped,StandardOrder,0,0,2022-08-27 15:25:24,2022,202208,2022Q3,2022W34,6,2022-09-02 17:46:30,2022-09-08 23:59:59,1,0,2022-09-08 23:59:59,18.99,11015,IT,AOSTA,AO,VALLE D'AOSTA
307,Shipped,StandardOrder,0,0,2022-10-02 19:36:18,2022,202210,2022Q4,2022W39,7,2022-10-03 01:55:02,2022-10-03 23:59:59,1,0,2022-10-03 23:59:59,18.99,44121,IT,FERRARA,FE,EMILIA-ROMAGNA
321,Shipped,StandardOrder,0,0,2022-10-03 01:01:06,2022,202210,2022Q4,2022W40,1,2022-10-04 00:21:07,2022-10-03 23:59:59,2,0,2022-10-03 23:59:59,25.98,24068,IT,SERIATE,BG,LOMBARDIA
479,Shipped,StandardOrder,1,0,2022-10-12 17:24:53,2022,202210,2022Q4,2022W41,3,2022-10-12 23:40:22,2022-10-12 23:59:59,1,0,2022-10-12 23:59:59,18.98,61032,IT,FANO,PU,MARCHE
202,Shipped,StandardOrder,0,0,2022-09-19 16:48:09,2022,202209,2022Q3,2022W38,1,2022-09-20 01:59:32,2022-09-19 23:59:59,1,0,2022-09-19 23:59:59,20.99,00141,IT,ROMA,RM,LAZIO
270,Shipped,StandardOrder,0,0,2022-09-29 21:33:28,2022,202209,2022Q3,2022W39,4,2022-09-30 03:14:03,2022-09-30 01:56:39,2,0,2022-09-30 01:56:39,69.98,44011,IT,SANTA MARIA CODIFIUME,FE,EMILIA-ROMAGNA
272,Shipped,StandardOrder,0,0,2022-09-29 10:31:03,2022,202209,2022Q3,2022W39,4,2022-09-30 03:42:04,2022-09-29 23:59:59,1,0,2022-09-29 23:59:59,24.98,20900,IT,MONZA,MB,LOMBARDIA
195,Shipped,StandardOrder,1,0,2022-09-16 14:20:11,2022,202209,2022Q3,2022W37,5,2022-09-18 18:04:54,2022-09-18 23:59:59,1,0,2022-09-18 23:59:59,22.98,30141,IT,VENEZIA,VE,VENETO
264,Shipped,StandardOrder,0,0,2022-09-29 11:37:03,2022,202209,2022Q3,2022W39,4,2022-09-29 19:25:14,2022-09-29 23:59:59,1,0,2022-09-29 23:59:59,20.99,40053,IT,VALSAMOGGIA FRAZ.CASTELLO DI SERRAVALLE,BO,EMILIA-ROMAGNA
418,Shipped,StandardOrder,0,0,2022-10-09 20:21:37,2022,202210,2022Q4,2022W40,7,2022-10-10 03:06:58,2022-10-10 23:59:59,1,0,2022-10-10 23:59:59,18.99,22070,IT,MONTANO LUCINO,CO,LOMBARDIA
187,Shipped,StandardOrder,0,0,2022-09-17 11:02:15,2022,202209,2022Q3,2022W37,6,2022-09-18 00:30:29,2022-09-17 23:59:59,1,0,2022-09-17 23:59:59,20.99,40131,IT,BOLOGNA,BO,EMILIA-ROMAGNA
334,Shipped,StandardOrder,0,0,2022-10-03 23:44:44,2022,202210,2022Q4,2022W40,1,2022-10-04 23:29:28,2022-10-04 23:59:59,1,0,2022-10-04 23:59:59,19.99,16133,IT,GENOVA,GE,LIGURIA
157,Shipped,StandardOrder,0,0,2022-09-08 21:34:20,2022,202209,2022Q3,2022W36,4,2022-09-09 17:19:06,2022-09-11 23:59:59,1,0,2022-09-11 23:59:59,34.99,90024,IT,GANGI,PA,SICILIA
499,Shipped,StandardOrder,0,0,2022-10-13 15:34:32,2022,202210,2022Q4,2022W41,4,2022-10-14 03:29:06,2022-10-14 23:59:59,1,0,2022-10-14 23:59:59,20.99,35014,IT,FONTANIVA,PD,VENETO
108,Shipped,StandardOrder,0,0,2022-08-25 13:53:59,2022,202208,2022Q3,2022W34,4,2022-08-26 17:17:36,2022-08-26 23:59:59,1,0,2022-08-26 23:59:59,18.99,50050,IT,MONTAIONE,FI,TOSCANA
134,Shipped,StandardOrder,0,0,2022-09-02 11:46:57,2022,202209,2022Q3,2022W35,5,2022-09-02 23:55:51,2022-09-03 23:59:59,1,0,2022-09-03 23:59:59,37.99,22100,IT,COMO,CO,LOMBARDIA
476,Shipped,StandardOrder,0,0,2022-10-12 09:38:24,2022,202210,2022Q4,2022W41,3,2022-10-12 19:12:08,2022-10-12 23:59:59,2,0,2022-10-12 23:59:59,41.98,21050,IT,BISUSCHIO,VA,LOMBARDIA
122,Shipped,StandardOrder,0,0,2022-08-28 20:50:05,2022,202208,2022Q3,2022W34,7,2022-08-29 06:04:07,2022-08-29 23:59:59,1,0,2022-08-29 23:59:59,18.99,28863,IT,PONTE,VB,PIEMONTE
388,Shipped,StandardOrder,0,0,2022-10-06 17:36:24,2022,202210,2022Q4,2022W40,4,2022-10-08 02:03:29,2022-10-07 23:59:59,1,0,2022-10-07 23:59:59,10.99,41015,IT,NONANTOLA,MO,EMILIA-ROMAGNA
428,Shipped,StandardOrder,0,0,2022-10-09 17:18:18,2022,202210,2022Q4,2022W40,7,2022-10-10 19:36:35,2022-10-10 23:59:59,1,0,2022-10-10 23:59:59,18.99,61121,IT,PESARO,PU,MARCHE
435,Shipped,StandardOrder,0,0,2022-10-10 18:52:50,2022,202210,2022Q4,2022W41,1,2022-10-10 22:48:57,2022-10-11 23:59:59,1,0,2022-10-11 23:59:59,19.99,37012,IT,BUSSOLENGO,VR,VENETO
170,Shipped,StandardOrder,0,0,2022-09-13 15:44:02,2022,202209,2022Q3,2022W37,2,2022-09-14 10:10:51,2022-09-14 23:59:59,1,0,2022-09-14 23:59:59,17.99,40127,IT,BOLOGNA,BO,EMILIA-ROMAGNA
400,Shipped,StandardOrder,0,0,2022-10-08 15:58:01,2022,202210,2022Q4,2022W40,6,2022-10-09 00:59:41,2022-10-09 23:59:59,1,0,2022-10-09 23:59:59,18.99,25030,IT,ADRO,BS,LOMBARDIA
145,Shipped,StandardOrder,0,0,2022-09-05 08:01:57,2022,202209,2022Q3,2022W36,1,2022-09-05 22:36:36,2022-09-06 23:59:59,1,0,2022-09-06 23:59:59,17.99,37014,IT,SANDRA',VR,VENETO
204,Canceled,StandardOrder,0,0,2022-09-15 16:51:48,2022,202209,2022Q3,2022W37,4,2022-09-20 16:57:13,2022-09-16 23:59:59,0,0,2022-09-16 23:59:59,0.0,NA,NA,NA,NaN,NAN
086,Shipped,StandardOrder,0,0,2022-08-19 13:06:14,2022,202208,2022Q3,2022W33,5,2022-08-22 10:12:55,2022-08-20 23:59:59,1,0,2022-08-20 23:59:59,18.99,25084,IT,GARGNANO,BS,LOMBARDIA
433,Shipped,StandardOrder,0,0,2022-10-08 11:29:15,2022,202210,2022Q4,2022W40,6,2022-10-10 20:13:16,2022-10-09 23:59:59,1,0,2022-10-09 23:59:59,12.99,00012,IT,VILLALBA,RM,LAZIO
324,Shipped,StandardOrder,0,0,2022-10-03 20:27:04,2022,202210,2022Q4,2022W40,1,2022-10-04 02:14:18,2022-10-03 23:59:59,1,0,2022-10-03 23:59:59,18.99,12084,IT,MONDOVI,CN,PIEMONTE
075,Canceled,StandardOrder,0,0,2022-08-19 11:57:22,2022,202208,2022Q3,2022W33,5,2022-08-19 12:56:13,2022-08-21 23:59:59,0,0,2022-08-21 23:59:59,0.0,NA,NA,NA,NaN,NAN
180,Shipped,StandardOrder,0,0,2022-09-16 20:39:27,2022,202209,2022Q3,2022W37,5,2022-09-17 01:50:06,2022-09-16 23:59:59,1,0,2022-09-16 23:59:59,27.99,27100,IT,PAVIA,PV,LOMBARDIA
303,Shipped,StandardOrder,0,0,2022-10-02 15:52:17,2022,202210,2022Q4,2022W39,7,2022-10-02 22:39:45,2022-10-03 23:59:59,1,0,2022-10-03 23:59:59,18.99,06081,IT,ASSISI,PG,UMBRIA
320,Shipped,StandardOrder,0,0,2022-10-03 04:22:47,2022,202210,2022Q4,2022W40,1,2022-10-03 22:31:48,2022-10-03 23:59:59,1,0,2022-10-03 23:59:59,18.99,35014,IT,FONTANIVA,PD,VENETO
375,Canceled,StandardOrder,1,0,2022-10-07 04:10:10,2022,202210,2022Q4,2022W40,5,2022-10-07 04:15:34,2022-10-08 23:59:59,0,0,2022-10-08 23:59:59,0.0,NA,NA,NA,NaN,NAN
178,Shipped,StandardOrder,0,0,2022-09-16 00:57:14,2022,202209,2022Q3,2022W37,5,2022-09-16 19:29:37,2022-09-16 23:59:59,1,0,2022-09-16 23:59:59,27.99,30034,IT,MARANO,VE,VENETO
274,Shipped,StandardOrder,0,0,2022-09-29 22:54:03,2022,202209,2022Q3,2022W39,4,2022-10-01 01:23:28,2022-09-30 23:59:59,1,0,2022-09-30 23:59:59,17.99,20098,IT,SAN GIULIANO MILANESE,MI,LOMBARDIA
276,Shipped,StandardOrder,0,0,2022-09-30 20:39:47,2022,202209,2022Q3,2022W39,5,2022-10-01 02:00:11,2022-09-30 23:59:59,1,0,2022-09-30 23:59:59,19.99,05100,IT,TERNI,TR,UMBRIA
310,Shipped,StandardOrder,0,0,2022-10-02 17:59:30,2022,202210,2022Q4,2022W39,7,2022-10-03 13:50:00,2022-10-03 23:59:59,1,0,2022-10-03 23:59:59,19.99,71043,IT,MANFREDONIA,FG,PUGLIA
410,Shipped,StandardOrder,0,0,2022-10-09 14:53:14,2022,202210,2022Q4,2022W40,7,2022-10-09 18:59:49,2022-10-09 23:59:59,1,0,2022-10-09 23:59:59,19.99,50126,IT,FIRENZE,FI,TOSCANA
248,Shipped,StandardOrder,1,0,2022-09-27 13:28:49,2022,202209,2022Q3,2022W39,2,2022-09-28 03:37:41,2022-09-27 23:59:59,1,0,2022-09-27 23:59:59,17.98,24060,IT,BAGNATICA,BG,LOMBARDIA
293,Shipped,StandardOrder,0,0,2022-10-01 23:12:01,2022,202210,2022Q4,2022W39,6,2022-10-02 17:46:24,2022-10-02 23:59:59,1,0,2022-10-02 23:59:59,12.99,93100,IT,CALTANISSETTA,CL,SICILIA
323,Shipped,StandardOrder,0,0,2022-10-03 17:05:57,2022,202210,2022Q4,2022W40,1,2022-10-04 01:33:53,2022-10-03 23:59:59,1,0,2022-10-03 23:59:59,18.99,74121,IT,TARANTO,TA,PUGLIA
401,Canceled,StandardOrder,0,0,2022-10-09 00:00:27,2022,202210,2022Q4,2022W40,7,2022-10-09 01:29:01,2022-10-09 23:59:59,0,0,2022-10-09 23:59:59,0.0,NA,NA,NA,NaN,NAN
241,Shipped,StandardOrder,0,0,2022-09-27 10:34:41,2022,202209,2022Q3,2022W39,2,2022-09-27 21:36:19,2022-09-28 23:59:59,1,0,2022-09-28 23:59:59,20.99,37057,IT,SAN GIOVANNI LUPATOTO,VR,VENETO
083,Canceled,StandardOrder,0,0,2022-08-20 11:12:58,2022,202208,2022Q3,2022W33,6,2022-08-21 11:54:19,2022-09-02 23:59:59,0,0,2022-09-02 23:59:59,0.0,NA,NA,NA,NaN,NAN
409,Shipped,StandardOrder,0,0,2022-10-09 13:42:30,2022,202210,2022Q4,2022W40,7,2022-10-09 18:23:47,2022-10-09 23:59:59,1,0,2022-10-09 23:59:59,22.98,73030,IT,LUCUGNANO,LE,PUGLIA
304,Shipped,StandardOrder,0,0,2022-10-01 11:31:39,2022,202210,2022Q4,2022W39,6,2022-10-02 23:00:53,2022-10-03 23:59:59,1,0,2022-10-03 23:59:59,18.99,30020,IT,QUARTO D'ALTINO,VE,VENETO
171,Shipped,StandardOrder,0,0,2022-09-14 09:54:11,2022,202209,2022Q3,2022W37,3,2022-09-14 17:42:54,2022-09-14 23:59:59,1,0,2022-09-14 23:59:59,17.99,56028,IT,SAN MINIATO,PI,TOSCANA
039,Shipped,StandardOrder,0,0,2022-08-11 21:08:46,2022,202208,2022Q3,2022W32,4,2022-08-11 23:33:34,2022-08-11 23:59:59,1,0,2022-08-11 23:59:59,18.99,39055,IT,PINETA DI LAIVES,BZ,TRENTINO-ALTO ADIGE
220,Shipped,StandardOrder,0,0,2022-09-22 18:02:10,2022,202209,2022Q3,2022W38,4,2022-09-22 22:31:40,2022-09-22 23:59:59,1,0,2022-09-22 23:59:59,17.99,28043,IT,BELLINZAGO NOVARESE,NO,PIEMONTE
391,Shipped,StandardOrder,0,0,2022-10-08 12:12:47,2022,202210,2022Q4,2022W40,6,2022-10-08 17:37:43,2022-10-08 23:59:59,1,0,2022-10-08 23:59:59,19.99,94100,IT,ENNA,EN,SICILIA
003,Shipped,StandardOrder,0,0,2022-07-31 21:42:50,2022,202207,2022Q3,2022W30,7,2022-08-02 14:04:39,2022-08-01 23:59:59,1,0,2022-08-01 23:59:59,17.99,32020,IT,VALLADA AGORDINA,BL,VENETO
336,Shipped,StandardOrder,0,0,2022-10-03 09:47:26,2022,202210,2022Q4,2022W40,1,2022-10-05 00:53:27,2022-10-04 23:59:59,1,0,2022-10-04 23:59:59,18.99,30027,IT,SAN DONÀ DI PIAVE,VE,VENETO
496,Shipped,StandardOrder,0,0,2022-10-13 20:39:02,2022,202210,2022Q4,2022W41,4,2022-10-14 02:17:06,2022-10-14 23:59:59,1,0,2022-10-14 23:59:59,19.99,43039,IT,SALSOMAGGIORE TERME,PR,EMILIA-ROMAGNA
088,Shipped,StandardOrder,0,0,2022-08-21 21:06:59,2022,202208,2022Q3,2022W33,7,2022-08-22 19:01:19,2022-08-22 23:59:59,1,0,2022-08-22 23:59:59,18.99,40129,IT,BOLOGNA,BO,EMILIA-ROMAGNA
238,Shipped,StandardOrder,0,0,2022-09-27 10:29:44,2022,202209,2022Q3,2022W39,2,2022-09-27 17:02:50,2022-09-28 23:59:59,1,0,2022-09-28 23:59:59,20.99,37066,IT,CASELLE DI SOMMACAMPAGNA,VR,VENETO
280,Shipped,StandardOrder,0,0,2022-09-30 18:06:03,2022,202209,2022Q3,2022W39,5,2022-10-01 03:22:13,2022-10-01 23:59:59,1,0,2022-10-01 23:59:59,18.99,98039,IT,TAORMINA,ME,SICILIA
284,Shipped,StandardOrder,0,0,2022-10-01 08:33:40,2022,202210,2022Q4,2022W39,6,2022-10-01 22:20:46,2022-10-01 23:59:59,1,0,2022-10-01 23:59:59,18.99,36025,IT,NOVENTA VICENTINA,VI,VENETO
378,Shipped,StandardOrder,0,0,2022-10-06 18:11:37,2022,202210,2022Q4,2022W40,4,2022-10-07 14:02:55,2022-10-07 23:59:59,2,0,2022-10-07 23:59:59,37.98,10128,IT,TORINO,TO,PIEMONTE
252,Shipped,StandardOrder,0,0,2022-09-28 10:44:47,2022,202209,2022Q3,2022W39,3,2022-09-28 18:27:46,2022-09-28 23:59:59,1,0,2022-09-28 23:59:59,20.99,57016,IT,ROSIGNANO MARITTIMO,LI,TOSCANA
414,Shipped,StandardOrder,0,0,2022-10-08 13:05:53,2022,202210,2022Q4,2022W40,6,2022-10-10 01:16:20,2022-10-09 23:59:59,1,0,2022-10-09 23:59:59,18.99,20128,IT,MILANO,MI,LOMBARDIA
001,Shipped,StandardOrder,0,0,2022-08-01 15:16:17,2022,202208,2022Q3,2022W31,1,2022-08-02 07:12:12,2022-08-02 23:59:59,1,0,2022-08-02 23:59:59,17.99,20121,IT,MILANO,MI,LOMBARDIA
089,Shipped,StandardOrder,0,0,2022-08-22 12:18:03,2022,202208,2022Q3,2022W34,1,2022-08-22 21:53:08,2022-08-22 23:59:59,1,0,2022-08-22 23:59:59,19.99,47921,IT,RIMINI,RN,EMILIA-ROMAGNA
255,Shipped,StandardOrder,0,0,2022-09-28 13:02:48,2022,202209,2022Q3,2022W39,3,2022-09-29 01:45:53,2022-09-28 23:59:59,1,0,2022-09-28 23:59:59,27.99,23891,IT,BARZANO',LC,LOMBARDIA
470,Shipped,StandardOrder,0,0,2022-10-11 20:54:08,2022,202210,2022Q4,2022W41,2,2022-10-12 17:12:28,2022-10-12 23:59:59,1,0,2022-10-12 23:59:59,19.99,31040,IT,SEGUSINO,TV,VENETO
271,Shipped,StandardOrder,0,0,2022-09-29 20:02:38,2022,202209,2022Q3,2022W39,4,2022-09-30 03:25:13,2022-09-30 23:59:59,1,0,2022-09-30 23:59:59,20.99,10023,IT,CHIERI,TO,PIEMONTE
392,Shipped,StandardOrder,0,0,2022-10-08 10:36:07,2022,202210,2022Q4,2022W40,6,2022-10-08 17:53:51,2022-10-08 23:59:59,1,0,2022-10-08 23:59:59,19.99,00128,IT,ROMA,RM,LAZIO
229,Shipped,StandardOrder,0,0,2022-09-25 15:46:40,2022,202209,2022Q3,2022W38,7,2022-09-25 21:22:00,2022-09-25 23:59:59,1,0,2022-09-25 23:59:59,27.99,13030,IT,RIVE,VC,PIEMONTE
014,Shipped,StandardOrder,0,0,2022-08-06 17:45:15,2022,202208,2022Q3,2022W31,6,2022-08-07 02:54:56,2022-08-07 23:59:59,1,0,2022-08-07 23:59:59,18.99,00182,IT,ROMA,RM,LAZIO
092,Shipped,StandardOrder,0,0,2022-08-23 09:39:27,2022,202208,2022Q3,2022W34,2,2022-08-23 19:36:18,2022-08-23 23:59:59,1,0,2022-08-23 23:59:59,18.99,30035,IT,CAMPOCROCE DI MIRANO,VE,VENETO
093,Shipped,StandardOrder,0,0,2022-08-23 17:13:28,2022,202208,2022Q3,2022W34,2,2022-08-23 21:46:17,2022-08-23 23:59:59,1,0,2022-08-23 23:59:59,17.99,16154,IT,GENOVA,GE,LIGURIA
305,Shipped,StandardOrder,0,0,2022-10-02 20:37:29,2022,202210,2022Q4,2022W39,7,2022-10-02 23:32:12,2022-10-02 23:59:59,1,0,2022-10-02 23:59:59,19.99,16133,IT,GENOVA,GE,LIGURIA
440,Shipped,StandardOrder,0,0,2022-10-10 13:50:29,2022,202210,2022Q4,2022W41,1,2022-10-11 00:29:26,2022-10-10 23:59:59,2,0,2022-10-10 23:59:59,39.98,30173,IT,DESE,VE,VENETO
491,Shipped,StandardOrder,0,0,2022-10-12 21:49:59,2022,202210,2022Q4,2022W41,3,2022-10-13 21:01:23,2022-10-13 23:59:59,1,0,2022-10-13 23:59:59,12.99,21100,IT,VARESE,VA,LOMBARDIA
348,Shipped,StandardOrder,0,0,2022-10-05 12:16:08,2022,202210,2022Q4,2022W40,3,2022-10-05 22:32:16,2022-10-06 23:59:59,1,0,2022-10-06 23:59:59,18.99,65015,IT,MONTESILVANO,PE,ABRUZZI
065,Shipped,StandardOrder,0,0,2022-08-17 09:56:10,2022,202208,2022Q3,2022W33,3,2022-08-17 20:57:54,2022-08-18 23:59:59,1,0,2022-08-18 23:59:59,23.98,21019,IT,SOMMA LOMBARDO,VA,LOMBARDIA
214,Shipped,StandardOrder,0,0,2022-09-20 16:40:43,2022,202209,2022Q3,2022W38,2,2022-09-21 03:26:02,2022-09-21 23:59:59,1,0,2022-09-21 23:59:59,10.99,00135,IT,ROMA,RM,LAZIO
230,Shipped,StandardOrder,0,0,2022-09-25 13:15:42,2022,202209,2022Q3,2022W38,7,2022-09-25 22:05:39,2022-09-26 23:59:59,1,0,2022-09-26 23:59:59,20.99,20900,IT,MONZA,MB,LOMBARDIA
027,Shipped,StandardOrder,0,0,2022-08-09 14:33:00,2022,202208,2022Q3,2022W32,2,2022-08-10 01:29:49,2022-08-09 23:59:59,2,0,2022-08-09 23:59:59,37.98,20094,IT,CORSICO,MI,LOMBARDIA
133,Shipped,StandardOrder,0,0,2022-08-26 21:55:04,2022,202208,2022Q3,2022W34,5,2022-09-02 23:33:04,2022-09-02 23:59:59,1,0,2022-09-02 23:59:59,18.99,31038,IT,PAESE,TV,VENETO
137,Canceled,StandardOrder,0,0,2022-08-30 19:23:48,2022,202208,2022Q3,2022W35,2,2022-09-04 19:39:06,2022-09-09 23:59:59,0,0,2022-09-09 23:59:59,0.0,NA,NA,NA,NaN,NAN
165,Shipped,StandardOrder,0,0,2022-09-12 08:43:23,2022,202209,2022Q3,2022W37,1,2022-09-12 21:16:46,2022-09-13 23:59:59,1,0,2022-09-13 23:59:59,27.99,15060,IT,SILVANO D'ORBA,AL,PIEMONTE
076,Shipped,StandardOrder,0,0,2022-08-18 14:44:48,2022,202208,2022Q3,2022W33,4,2022-08-19 13:27:51,2022-08-19 23:59:59,1,0,2022-08-19 23:59:59,18.99,66010,IT,LAMA DEI PELIGNI,CH,ABRUZZI
194,Shipped,StandardOrder,0,0,2022-09-16 18:15:39,2022,202209,2022Q3,2022W37,5,2022-09-18 17:16:03,2022-09-17 23:59:59,2,0,2022-09-17 23:59:59,55.98,53025,IT,PIANCASTAGNAIO,SI,TOSCANA
312,Shipped,StandardOrder,0,0,2022-10-02 07:11:30,2022,202210,2022Q4,2022W39,7,2022-10-03 16:44:13,2022-10-03 23:59:59,1,0,2022-10-03 23:59:59,19.99,00122,IT,ROMA,RM,LAZIO
112,Shipped,StandardOrder,0,0,2022-08-26 21:31:58,2022,202208,2022Q3,2022W34,5,2022-08-27 19:29:17,2022-08-27 23:59:59,1,0,2022-08-27 23:59:59,17.99,41124,IT,MODENA,MO,EMILIA-ROMAGNA
045,Shipped,StandardOrder,0,0,2022-08-12 16:50:20,2022,202208,2022Q3,2022W32,5,2022-08-12 21:02:03,2022-08-14 23:59:59,1,0,2022-08-14 23:59:59,18.99,08100,IT,NUORO,NU,SARDEGNA
189,Shipped,StandardOrder,0,0,2022-09-17 17:23:47,2022,202209,2022Q3,2022W37,6,2022-09-18 00:37:03,2022-09-17 23:59:59,1,0,2022-09-17 23:59:59,20.99,56029,IT,STAFFOLI,PI,TOSCANA
062,Shipped,StandardOrder,0,0,2022-08-15 23:52:48,2022,202208,2022Q3,2022W33,1,2022-08-17 03:21:25,2022-08-16 23:59:59,1,0,2022-08-16 23:59:59,23.98,25088,IT,TOSCOLANO MADERNO,BS,LOMBARDIA
385,Shipped,StandardOrder,0,0,2022-10-07 20:00:35,2022,202210,2022Q4,2022W40,5,2022-10-07 23:18:53,2022-10-07 23:59:59,1,0,2022-10-07 23:59:59,18.99,20134,IT,MILANO,MI,LOMBARDIA
013,Shipped,StandardOrder,0,0,2022-08-06 08:04:24,2022,202208,2022Q3,2022W31,6,2022-08-06 19:07:27,2022-08-06 23:59:59,1,0,2022-08-06 23:59:59,18.99,40053,IT,BAZZANO,BO,EMILIA-ROMAGNA
038,Shipped,StandardOrder,0,0,2022-08-10 21:40:22,2022,202208,2022Q3,2022W32,3,2022-08-11 21:32:56,2022-08-11 23:59:59,1,0,2022-08-11 23:59:59,18.99,12030,IT,SANFRONT,CN,PIEMONTE
281,Shipped,StandardOrder,1,0,2022-09-30 19:42:42,2022,202209,2022Q3,2022W39,5,2022-10-01 17:08:45,2022-10-01 23:59:59,1,0,2022-10-01 23:59:59,22.97,00128,IT,ROMA,RM,LAZIO
034,Canceled,StandardOrder,0,0,2022-08-10 22:50:09,2022,202208,2022Q3,2022W32,3,2022-08-11 07:38:20,2022-08-11 23:59:59,0,0,2022-08-11 23:59:59,0.0,NA,NA,NA,NaN,NAN
208,Shipped,StandardOrder,0,0,2022-09-20 10:54:08,2022,202209,2022Q3,2022W38,2,2022-09-20 21:48:49,2022-09-20 23:59:59,1,0,2022-09-20 23:59:59,17.99,20123,IT,MILANO,MI,LOMBARDIA
024,Shipped,StandardOrder,0,0,2022-08-08 23:01:36,2022,202208,2022Q3,2022W32,1,2022-08-09 17:45:57,2022-08-09 23:59:59,3,0,2022-08-09 23:59:59,45.58,50036,IT,VAGLIA,FI,TOSCANA
217,Shipped,StandardOrder,0,0,2022-09-21 12:20:36,2022,202209,2022Q3,2022W38,3,2022-09-22 00:39:13,2022-09-21 23:59:59,1,0,2022-09-21 23:59:59,27.99,30020,IT,QUARTO D'ALTINO,VE,VENETO
379,Shipped,StandardOrder,0,0,2022-10-06 14:56:34,2022,202210,2022Q4,2022W40,4,2022-10-07 17:38:11,2022-10-07 23:59:59,2,0,2022-10-07 23:59:59,37.98,26010,IT,ROBECCO D'OGLIO,CR,LOMBARDIA
446,Shipped,StandardOrder,0,0,2022-10-09 20:38:57,2022,202210,2022Q4,2022W40,7,2022-10-11 06:35:59,2022-10-10 23:59:59,1,0,2022-10-10 23:59:59,15.57,47894,IT,CHIESANUOVA DI REPUBBLICA DI SAN MARINO,NaN,NAN
049,Shipped,StandardOrder,0,0,2022-08-11 21:27:21,2022,202208,2022Q3,2022W32,4,2022-08-13 18:48:34,2022-08-13 23:59:59,1,0,2022-08-13 23:59:59,34.99,21030,IT,ORINO,VA,LOMBARDIA
037,Shipped,StandardOrder,0,0,2022-08-10 18:22:37,2022,202208,2022Q3,2022W32,3,2022-08-11 17:38:21,2022-08-11 23:59:59,1,0,2022-08-11 23:59:59,18.99,47922,IT,RIMINI,RN,EMILIA-ROMAGNA
338,Shipped,StandardOrder,0,0,2022-10-04 20:17:58,2022,202210,2022Q4,2022W40,2,2022-10-05 17:23:30,2022-10-05 23:59:59,1,0,2022-10-05 23:59:59,18.99,20011,IT,CORBETTA,MI,LOMBARDIA
347,Shipped,StandardOrder,0,0,2022-10-05 08:15:19,2022,202210,2022Q4,2022W40,3,2022-10-05 22:31:51,2022-10-06 23:59:59,1,0,2022-10-06 23:59:59,18.99,06081,IT,ASSISI,PG,UMBRIA
147,Shipped,StandardOrder,1,0,2022-09-06 14:22:58,2022,202209,2022Q3,2022W36,2,2022-09-07 00:31:53,2022-09-07 23:59:59,1,0,2022-09-07 23:59:59,18.98,00121,IT,ROMA,RM,LAZIO
332,Shipped,StandardOrder,0,0,2022-10-03 19:22:46,2022,202210,2022Q4,2022W40,1,2022-10-04 21:22:00,2022-10-04 23:59:59,1,0,2022-10-04 23:59:59,18.99,41126,IT,MODENA,MO,EMILIA-ROMAGNA
115,Shipped,StandardOrder,0,0,2022-08-27 21:02:16,2022,202208,2022Q3,2022W34,6,2022-08-28 03:01:33,2022-08-28 23:59:59,1,0,2022-08-28 23:59:59,19.99,46047,IT,SANT’ANTONIO DI PORTO MANTOVANO,MN,LOMBARDIA
175,Shipped,StandardOrder,0,0,2022-09-11 10:22:25,2022,202209,2022Q3,2022W36,7,2022-09-16 03:19:21,2022-09-19 23:59:59,2,0,2022-09-19 23:59:59,41.98,51100,IT,PISTOIA,PT,TOSCANA
207,Shipped,StandardOrder,0,0,2022-09-19 17:19:40,2022,202209,2022Q3,2022W38,1,2022-09-20 18:58:51,2022-09-20 23:59:59,1,0,2022-09-20 23:59:59,34.99,89900,IT,VIBO MARINA,VV,CALABRIA
420,Shipped,StandardOrder,0,0,2022-10-09 21:16:56,2022,202210,2022Q4,2022W40,7,2022-10-10 06:05:32,2022-10-10 23:59:59,2,0,2022-10-10 23:59:59,37.98,20036,IT,DAIRAGO,MI,LOMBARDIA
164,Shipped,StandardOrder,0,0,2022-09-11 21:07:38,2022,202209,2022Q3,2022W36,7,2022-09-12 13:14:47,2022-09-12 23:59:59,1,0,2022-09-12 23:59:59,27.99,20841,IT,CARATE BRIANZA,MB,LOMBARDIA
277,Shipped,StandardOrder,0,0,2022-09-30 19:15:40,2022,202209,2022Q3,2022W39,5,2022-10-01 02:36:27,2022-09-30 23:59:59,1,0,2022-09-30 23:59:59,18.99,21021,IT,ANGERA,VA,LOMBARDIA
380,Shipped,StandardOrder,0,0,2022-10-07 08:48:14,2022,202210,2022Q4,2022W40,5,2022-10-07 22:06:29,2022-10-08 23:59:59,1,0,2022-10-08 23:59:59,18.99,00054,IT,FIUMICINO,RM,LAZIO
100,Shipped,StandardOrder,0,0,2022-08-24 08:43:08,2022,202208,2022Q3,2022W34,3,2022-08-24 21:16:05,2022-08-24 23:59:59,1,0,2022-08-24 23:59:59,18.99,44034,IT,COPPARO,FE,EMILIA-ROMAGNA
114,Shipped,StandardOrder,0,0,2022-08-27 14:20:09,2022,202208,2022Q3,2022W34,6,2022-08-28 01:00:26,2022-08-27 23:59:59,1,0,2022-08-27 23:59:59,18.99,27010,IT,LINAROLO,PV,LOMBARDIA
239,Shipped,StandardOrder,0,0,2022-09-27 14:28:26,2022,202209,2022Q3,2022W39,2,2022-09-27 18:40:08,2022-09-27 23:59:59,1,0,2022-09-27 23:59:59,20.99,70056,IT,MOLFETTA,BA,PUGLIA
275,Shipped,StandardOrder,0,0,2022-09-30 19:05:32,2022,202209,2022Q3,2022W39,5,2022-10-01 01:44:50,2022-09-30 23:59:59,1,0,2022-09-30 23:59:59,17.99,20010,IT,INVERUNO,MI,LOMBARDIA
474,Shipped,StandardOrder,0,0,2022-10-11 23:17:51,2022,202210,2022Q4,2022W41,2,2022-10-12 18:46:28,2022-10-12 23:59:59,2,0,2022-10-12 23:59:59,39.98,31030,IT,BREDA DI PIAVE,TV,VENETO
245,Shipped,StandardOrder,0,0,2022-09-27 18:14:54,2022,202209,2022Q3,2022W39,2,2022-09-28 01:22:06,2022-09-27 23:59:59,1,0,2022-09-27 23:59:59,34.99,20812,IT,LIMBIATE,MB,LOMBARDIA
421,Shipped,StandardOrder,1,0,2022-10-08 12:39:19,2022,202210,2022Q4,2022W40,6,2022-10-10 06:34:28,2022-10-09 23:59:59,1,0,2022-10-09 23:59:59,32.47,57025,IT,PIOMBINO,LI,TOSCANA
443,Shipped,StandardOrder,0,0,2022-10-10 08:49:15,2022,202210,2022Q4,2022W41,1,2022-10-11 02:55:52,2022-10-11 23:59:59,1,0,2022-10-11 23:59:59,19.99,25128,IT,BRESCIA,BS,LOMBARDIA
463,Shipped,StandardOrder,0,0,2022-10-11 09:03:31,2022,202210,2022Q4,2022W41,2,2022-10-12 03:35:35,2022-10-11 23:59:59,1,0,2022-10-11 23:59:59,19.99,25128,IT,BRESCIA,BS,LOMBARDIA
494,Shipped,StandardOrder,0,0,2022-10-12 20:55:49,2022,202210,2022Q4,2022W41,3,2022-10-13 22:17:48,2022-10-13 23:59:59,1,0,2022-10-13 23:59:59,19.99,38123,IT,TRENTO,TN,TRENTINO-ALTO ADIGE
295,Shipped,StandardOrder,0,0,2022-10-02 14:12:00,2022,202210,2022Q4,2022W39,7,2022-10-02 20:02:26,2022-10-02 23:59:59,1,0,2022-10-02 23:59:59,19.99,33053,IT,LATISANA,UD,FRIULI-VENEZIA GIULIA
444,Shipped,StandardOrder,0,0,2022-10-10 15:19:11,2022,202210,2022Q4,2022W41,1,2022-10-11 03:20:58,2022-10-10 23:59:59,1,0,2022-10-10 23:59:59,19.99,21013,IT,GALLARATE,VA,LOMBARDIA
465,Shipped,StandardOrder,0,0,2022-10-11 10:57:13,2022,202210,2022Q4,2022W41,2,2022-10-12 11:12:05,2022-10-12 23:59:59,1,0,2022-10-12 23:59:59,19.99,00152,IT,ROMA,RM,LAZIO
483,Shipped,StandardOrder,0,0,2022-10-12 09:10:48,2022,202210,2022Q4,2022W41,3,2022-10-13 04:51:48,2022-10-12 23:59:59,2,0,2022-10-12 23:59:59,64.98,37059,IT,ZEVIO,VR,VENETO
116,Canceled,StandardOrder,0,0,2022-08-27 23:26:51,2022,202208,2022Q3,2022W34,6,2022-08-28 08:53:38,2022-09-08 23:59:59,0,0,2022-09-08 23:59:59,0.0,NA,NA,NA,NaN,NAN
359,Shipped,StandardOrder,0,0,2022-10-06 17:45:52,2022,202210,2022Q4,2022W40,4,2022-10-06 21:31:57,2022-10-06 23:59:59,1,0,2022-10-06 23:59:59,18.99,33030,IT,COSEANO,UD,FRIULI-VENEZIA GIULIA
221,Shipped,StandardOrder,0,0,2022-09-23 12:52:29,2022,202209,2022Q3,2022W38,5,2022-09-23 19:26:06,2022-09-24 23:59:59,1,0,2022-09-24 23:59:59,34.99,44011,IT,SANTA MARIA CODIFIUME,FE,EMILIA-ROMAGNA
367,Shipped,StandardOrder,0,0,2022-10-05 22:56:50,2022,202210,2022Q4,2022W40,3,2022-10-07 00:06:32,2022-10-06 23:59:59,1,0,2022-10-06 23:59:59,18.99,95127,IT,CATANIA,CT,SICILIA
176,Shipped,StandardOrder,0,0,2022-09-15 22:37:33,2022,202209,2022Q3,2022W37,4,2022-09-16 17:23:46,2022-09-16 23:59:59,2,0,2022-09-16 23:59:59,39.98,70042,IT,MOLA DI BARI,BA,PUGLIA
143,Shipped,StandardOrder,0,0,2022-09-04 20:16:24,2022,202209,2022Q3,2022W35,7,2022-09-05 19:07:13,2022-09-05 23:59:59,2,0,2022-09-05 23:59:59,41.98,40131,IT,BOLOGNA,BO,EMILIA-ROMAGNA
073,Shipped,StandardOrder,0,0,2022-08-18 19:09:02,2022,202208,2022Q3,2022W33,4,2022-08-19 01:02:34,2022-08-18 23:59:59,2,0,2022-08-18 23:59:59,39.98,38060,IT,VOLANO,TN,TRENTINO-ALTO ADIGE
026,Shipped,StandardOrder,0,0,2022-08-09 16:32:17,2022,202208,2022Q3,2022W32,2,2022-08-09 21:41:23,2022-08-09 23:59:59,1,0,2022-08-09 23:59:59,18.99,23037,IT,TIRANO,SO,LOMBARDIA
113,Shipped,StandardOrder,0,0,2022-08-27 18:31:20,2022,202208,2022Q3,2022W34,6,2022-08-27 23:27:28,2022-08-28 23:59:59,1,0,2022-08-28 23:59:59,18.99,40050,IT,MONTERENZIO,BO,EMILIA-ROMAGNA
203,Shipped,StandardOrder,0,0,2022-09-19 08:15:13,2022,202209,2022Q3,2022W38,1,2022-09-20 03:33:55,2022-09-20 23:59:59,1,0,2022-09-20 23:59:59,14.99,16157,IT,GENOVA,GE,LIGURIA
341,Shipped,StandardOrder,0,0,2022-10-03 21:13:06,2022,202210,2022Q4,2022W40,1,2022-10-05 19:28:22,2022-10-04 23:59:59,1,0,2022-10-04 23:59:59,18.99,20054,IT,SEGRATE,MI,LOMBARDIA
387,Shipped,StandardOrder,0,0,2022-10-06 22:48:05,2022,202210,2022Q4,2022W40,4,2022-10-08 01:36:42,2022-10-07 23:59:59,2,0,2022-10-07 23:59:59,37.98,20853,IT,BIASSONO,MB,LOMBARDIA
300,Shipped,StandardOrder,0,0,2022-10-02 18:19:51,2022,202210,2022Q4,2022W39,7,2022-10-02 22:07:42,2022-10-02 23:59:59,1,0,2022-10-02 23:59:59,18.99,23842,IT,BOSISIO PARINI,LC,LOMBARDIA
343,Shipped,StandardOrder,0,0,2022-10-05 14:41:40,2022,202210,2022Q4,2022W40,3,2022-10-05 19:40:03,2022-10-05 23:59:59,1,0,2022-10-05 23:59:59,18.99,34072,IT,GRADISCA D'ISONZO,GO,FRIULI-VENEZIA GIULIA
405,Shipped,StandardOrder,0,0,2022-10-08 18:52:52,2022,202210,2022Q4,2022W40,6,2022-10-09 09:20:12,2022-10-08 23:59:59,1,0,2022-10-08 23:59:59,18.99,21049,IT,TRADATE,VA,LOMBARDIA
006,Shipped,StandardOrder,0,0,2022-08-03 10:11:52,2022,202208,2022Q3,2022W31,3,2022-08-03 13:12:40,2022-08-03 23:59:59,1,0,2022-08-03 23:59:59,20.99,01039,IT,VIGNANELLO,VT,LAZIO
064,Canceled,StandardOrder,0,0,2022-08-17 19:52:15,2022,202208,2022Q3,2022W33,3,2022-08-17 19:57:15,2022-08-18 23:59:59,0,0,2022-08-18 23:59:59,0.0,NA,NA,NA,NaN,NAN
346,Canceled,StandardOrder,0,0,2022-10-05 21:00:05,2022,202210,2022Q4,2022W40,3,2022-10-05 22:02:49,2022-10-06 23:59:59,0,0,2022-10-06 23:59:59,0.0,NA,NA,NA,NaN,NAN
442,Shipped,StandardOrder,0,0,2022-10-10 13:24:32,2022,202210,2022Q4,2022W41,1,2022-10-11 02:55:34,2022-10-10 23:59:59,1,0,2022-10-10 23:59:59,19.99,25080,IT,POLPENAZZE DEL GARDA,BS,LOMBARDIA
449,Shipped,StandardOrder,0,0,2022-10-11 13:53:05,2022,202210,2022Q4,2022W41,2,2022-10-11 16:27:48,2022-10-12 23:59:59,1,0,2022-10-12 23:59:59,19.99,47521,IT,CESENA,NaN,NAN
055,Shipped,StandardOrder,0,0,2022-08-15 21:00:09,2022,202208,2022Q3,2022W33,1,2022-08-16 17:30:00,2022-08-16 23:59:59,1,0,2022-08-16 23:59:59,39.99,20081,IT,ABBIATEGRASSO,MI,LOMBARDIA
074,Canceled,StandardOrder,0,0,2022-08-19 11:59:30,2022,202208,2022Q3,2022W33,5,2022-08-19 12:55:55,2022-08-22 23:59:59,0,0,2022-08-22 23:59:59,0.0,NA,NA,NA,NaN,NAN
077,Shipped,StandardOrder,0,0,2022-08-19 16:37:39,2022,202208,2022Q3,2022W33,5,2022-08-19 19:33:58,2022-08-19 23:59:59,1,0,2022-08-19 23:59:59,18.99,04011,IT,APRILIA,LT,LAZIO
197,Shipped,StandardOrder,0,0,2022-09-18 21:38:59,2022,202209,2022Q3,2022W37,7,2022-09-19 03:22:06,2022-09-19 23:59:59,1,0,2022-09-19 23:59:59,34.99,95045,IT,MISTERBIANCO,CT,SICILIA
048,Shipped,StandardOrder,0,0,2022-08-12 12:48:31,2022,202208,2022Q3,2022W32,5,2022-08-13 01:31:11,2022-08-12 23:59:59,1,0,2022-08-12 23:59:59,19.99,10025,IT,PINO TORINESE,TO,PIEMONTE
403,Shipped,StandardOrder,0,0,2022-10-08 10:20:55,2022,202210,2022Q4,2022W40,6,2022-10-09 02:54:57,2022-10-08 23:59:59,1,0,2022-10-08 23:59:59,18.99,00060,IT,RIANO,RM,LAZIO
096,Shipped,StandardOrder,0,0,2022-08-23 21:48:25,2022,202208,2022Q3,2022W34,2,2022-08-24 02:40:47,2022-08-24 23:59:59,2,0,2022-08-24 23:59:59,37.98,21052,IT,BUSTO ARSIZIO,VA,LOMBARDIA
249,Shipped,StandardOrder,0,0,2022-09-27 18:08:09,2022,202209,2022Q3,2022W39,2,2022-09-28 09:22:10,2022-09-28 23:59:59,1,0,2022-09-28 23:59:59,17.99,00012,IT,GUIDONIA MONTECELIO,RM,LAZIO
302,Shipped,StandardOrder,0,0,2022-10-02 17:46:50,2022,202210,2022Q4,2022W39,7,2022-10-02 22:30:30,2022-10-02 23:59:59,1,0,2022-10-02 23:59:59,18.99,55100,IT,LUCCA,LU,TOSCANA
458,Shipped,StandardOrder,0,0,2022-10-11 16:31:44,2022,202210,2022Q4,2022W41,2,2022-10-11 23:35:52,2022-10-11 23:59:59,1,0,2022-10-11 23:59:59,19.99,63821,IT,PORTO SANT'ELPIDIO,FM,MARCHE
466,Shipped,StandardOrder,0,0,2022-10-12 12:18:59,2022,202210,2022Q4,2022W41,3,2022-10-12 15:23:28,2022-10-12 23:59:59,1,0,2022-10-12 23:59:59,19.99,10137,IT,TORINO,TO,PIEMONTE
042,Shipped,StandardOrder,0,0,2022-08-11 14:51:25,2022,202208,2022Q3,2022W32,4,2022-08-12 03:32:54,2022-08-12 23:59:59,1,0,2022-08-12 23:59:59,18.99,00121,IT,OSTIA LIDO ROMA,RM,LAZIO
364,Shipped,StandardOrder,0,0,2022-10-05 21:53:43,2022,202210,2022Q4,2022W40,3,2022-10-06 23:30:12,2022-10-06 23:59:59,1,0,2022-10-06 23:59:59,18.99,45100,IT,ROVIGO,RO,VENETO
384,Shipped,StandardOrder,0,0,2022-10-07 08:56:47,2022,202210,2022Q4,2022W40,5,2022-10-07 22:28:24,2022-10-07 23:59:59,1,0,2022-10-07 23:59:59,17.99,40134,IT,BOLOGNA,BO,EMILIA-ROMAGNA
495,Shipped,StandardOrder,0,0,2022-10-12 17:22:42,2022,202210,2022Q4,2022W41,3,2022-10-13 22:35:05,2022-10-13 23:59:59,1,0,2022-10-13 23:59:59,20.99,90034,IT,CORLEONE,PA,SICILIA
118,Shipped,StandardOrder,1,0,2022-08-27 19:04:45,2022,202208,2022Q3,2022W34,6,2022-08-28 17:25:58,2022-08-28 23:59:59,1,0,2022-08-28 23:59:59,18.98,20006,IT,PREGNANA MILANESE,MI,LOMBARDIA
172,Shipped,StandardOrder,1,0,2022-09-15 09:49:41,2022,202209,2022Q3,2022W37,4,2022-09-15 22:45:04,2022-09-15 23:59:59,1,0,2022-09-15 23:59:59,18.98,10128,IT,TORINO,TO,PIEMONTE
069,Shipped,StandardOrder,0,0,2022-08-17 16:39:43,2022,202208,2022Q3,2022W33,3,2022-08-18 18:03:55,2022-08-17 23:59:59,1,0,2022-08-17 23:59:59,18.99,38033,IT,CARANO,TN,TRENTINO-ALTO ADIGE
201,Shipped,StandardOrder,0,0,2022-09-19 13:58:42,2022,202209,2022Q3,2022W38,1,2022-09-19 23:45:35,2022-09-19 22:35:51,2,0,2022-09-19 22:35:51,45.98,20151,IT,MILANO,MI,LOMBARDIA
318,Shipped,StandardOrder,0,0,2022-10-03 07:17:53,2022,202210,2022Q4,2022W40,1,2022-10-03 21:34:49,2022-10-04 23:59:59,1,0,2022-10-04 23:59:59,19.99,46010,IT,BELFORTE,MN,LOMBARDIA
329,Shipped,StandardOrder,0,0,2022-10-04 11:27:14,2022,202210,2022Q4,2022W40,2,2022-10-04 17:46:53,2022-10-04 23:59:59,1,0,2022-10-04 23:59:59,18.99,30173,IT,MESTRE VENEZIA,VE,VENETO
482,Shipped,StandardOrder,0,0,2022-10-12 15:01:27,2022,202210,2022Q4,2022W41,3,2022-10-13 02:05:10,2022-10-12 23:59:59,1,0,2022-10-12 23:59:59,19.99,33010,IT,FELETTO UMBERTO,UD,FRIULI-VENEZIA GIULIA
163,Shipped,StandardOrder,0,0,2022-09-11 21:45:39,2022,202209,2022Q3,2022W36,7,2022-09-12 01:30:46,2022-09-12 23:59:59,1,0,2022-09-12 23:59:59,27.99,00054,IT,FIUMICINO,RM,LAZIO
325,Shipped,StandardOrder,0,0,2022-09-30 19:59:58,2022,202209,2022Q3,2022W39,5,2022-10-04 02:55:13,2022-10-04 23:59:59,1,0,2022-10-04 23:59:59,18.99,40056,IT,CRESPELLANO,BO,EMILIA-ROMAGNA
263,Shipped,StandardOrder,0,0,2022-09-28 18:40:23,2022,202209,2022Q3,2022W39,3,2022-09-29 10:47:18,2022-09-29 23:59:59,1,0,2022-09-29 23:59:59,19.99,95024,IT,PIANO D'API,CT,SICILIA
376,Shipped,StandardOrder,0,0,2022-10-02 14:10:21,2022,202210,2022Q4,2022W39,7,2022-10-07 09:07:00,2022-10-05 23:59:59,1,0,2022-10-05 23:59:59,15.57,6517,CH,ARBEDO,NaN,NAN
294,Shipped,StandardOrder,0,0,2022-09-30 12:27:14,2022,202209,2022Q3,2022W39,5,2022-10-02 19:35:50,2022-10-01 23:59:59,1,0,2022-10-01 23:59:59,20.99,10020,IT,RIVA PRESSO CHIERI,TO,PIEMONTE
340,Shipped,StandardOrder,0,0,2022-10-05 10:39:08,2022,202210,2022Q4,2022W40,3,2022-10-05 18:59:01,2022-10-06 23:59:59,1,0,2022-10-06 23:59:59,17.99,13100,IT,VERCELLI,VC,PIEMONTE
397,Shipped,StandardOrder,0,0,2022-10-08 14:22:00,2022,202210,2022Q4,2022W40,6,2022-10-08 22:42:48,2022-10-08 23:59:59,1,0,2022-10-08 23:59:59,18.99,00148,IT,ROMA,RM,LAZIO
489,Shipped,StandardOrder,1,0,2022-10-13 08:43:40,2022,202210,2022Q4,2022W41,4,2022-10-13 17:40:37,2022-10-13 23:59:59,1,0,2022-10-13 23:59:59,18.98,50142,IT,FIRENZE,FI,TOSCANA
243,Shipped,StandardOrder,0,0,2022-09-26 23:38:52,2022,202209,2022Q3,2022W39,1,2022-09-27 22:00:25,2022-09-27 23:59:59,1,0,2022-09-27 23:59:59,27.99,12034,IT,PAESANA,CN,PIEMONTE
254,Shipped,StandardOrder,0,0,2022-09-28 09:38:02,2022,202209,2022Q3,2022W39,3,2022-09-28 22:02:39,2022-09-28 23:59:59,1,0,2022-09-28 23:59:59,20.99,61011,IT,GABICCE MARE,PU,MARCHE
383,Shipped,StandardOrder,0,0,2022-10-07 13:12:48,2022,202210,2022Q4,2022W40,5,2022-10-07 22:13:12,2022-10-07 23:59:59,1,0,2022-10-07 23:59:59,18.99,20018,IT,SEDRIANO,MI,LOMBARDIA
445,Shipped,StandardOrder,0,0,2022-10-10 23:37:36,2022,202210,2022Q4,2022W41,1,2022-10-11 05:58:42,2022-10-11 23:59:59,1,0,2022-10-11 23:59:59,19.99,11020,IT,FENIS,AO,VALLE D'AOSTA
246,Shipped,StandardOrder,0,0,2022-09-27 19:28:33,2022,202209,2022Q3,2022W39,2,2022-09-28 01:49:15,2022-09-28 23:59:59,2,0,2022-09-28 23:59:59,43.98,16121,IT,GENOVA,GE,LIGURIA
043,Shipped,StandardOrder,0,0,2022-08-11 19:50:43,2022,202208,2022Q3,2022W32,4,2022-08-12 17:28:17,2022-08-12 23:59:59,1,0,2022-08-12 23:59:59,17.99,96014,IT,FLORIDIA,SR,SICILIA
269,Shipped,StandardOrder,0,0,2022-09-29 21:48:18,2022,202209,2022Q3,2022W39,4,2022-09-30 02:50:55,2022-09-29 23:59:59,1,0,2022-09-29 23:59:59,20.99,28017,IT,LAGNA,NO,PIEMONTE
344,Shipped,StandardOrder,0,0,2022-10-05 14:50:18,2022,202210,2022Q4,2022W40,3,2022-10-05 20:25:39,2022-10-05 23:59:59,1,0,2022-10-05 23:59:59,18.99,15067,IT,NOVI LIGURE,AL,PIEMONTE
374,Shipped,StandardOrder,0,0,2022-10-06 08:57:19,2022,202210,2022Q4,2022W40,4,2022-10-07 03:41:41,2022-10-06 23:59:59,1,0,2022-10-06 23:59:59,24.98,66023,IT,FRANCAVILLA AL MARE,CH,ABRUZZI
430,Shipped,StandardOrder,0,0,2022-10-10 09:25:08,2022,202210,2022Q4,2022W41,1,2022-10-10 19:44:41,2022-10-10 23:59:59,1,0,2022-10-10 23:59:59,18.99,84081,IT,BARONISSI,SA,CAMPANIA
218,Shipped,StandardOrder,0,0,2022-09-21 19:42:40,2022,202209,2022Q3,2022W38,3,2022-09-22 02:32:32,2022-09-22 23:59:59,1,0,2022-09-22 23:59:59,34.99,42123,IT,REGGIO EMILIA,RE,EMILIA-ROMAGNA
257,Shipped,StandardOrder,0,0,2022-09-28 22:32:52,2022,202209,2022Q3,2022W39,3,2022-09-29 02:26:18,2022-09-29 23:59:59,2,0,2022-09-29 23:59:59,41.98,12084,IT,MONDOVI,CN,PIEMONTE
017,Shipped,StandardOrder,0,0,2022-08-07 06:35:17,2022,202208,2022Q3,2022W31,7,2022-08-07 18:25:32,2022-08-07 23:59:59,1,0,2022-08-07 23:59:59,18.99,20121,IT,MILANO,MI,LOMBARDIA
111,Shipped,StandardOrder,0,0,2022-08-27 10:44:18,2022,202208,2022Q3,2022W34,6,2022-08-27 17:59:31,2022-08-27 23:59:59,1,0,2022-08-27 23:59:59,34.99,00124,IT,ROMA,RM,LAZIO
256,Shipped,StandardOrder,0,0,2022-09-28 17:19:45,2022,202209,2022Q3,2022W39,3,2022-09-29 01:54:20,2022-09-29 23:59:59,1,0,2022-09-29 23:59:59,20.99,44124,IT,FERRARA,FE,EMILIA-ROMAGNA
461,Shipped,StandardOrder,0,0,2022-10-11 20:47:22,2022,202210,2022Q4,2022W41,2,2022-10-12 01:36:02,2022-10-12 23:59:59,1,0,2022-10-12 23:59:59,19.99,50053,IT,EMPOLI,FI,TOSCANA
174,Shipped,StandardOrder,0,0,2022-09-11 11:28:22,2022,202209,2022Q3,2022W36,7,2022-09-16 02:55:56,2022-09-12 23:59:59,2,0,2022-09-12 23:59:59,41.98,23010,IT,ALBOSAGGIA,SO,LOMBARDIA
368,Shipped,StandardOrder,0,0,2022-10-05 13:15:28,2022,202210,2022Q4,2022W40,3,2022-10-07 00:19:40,2022-10-05 23:59:59,1,0,2022-10-05 23:59:59,19.99,50052,IT,CERTALDO,FI,TOSCANA
028,Shipped,StandardOrder,0,0,2022-08-09 19:30:03,2022,202208,2022Q3,2022W32,2,2022-08-10 06:27:11,2022-08-10 23:59:59,1,0,2022-08-10 23:59:59,19.99,48022,IT,LUGO,RA,EMILIA-ROMAGNA
040,Shipped,StandardOrder,0,0,2022-08-10 22:07:32,2022,202208,2022Q3,2022W32,3,2022-08-12 00:20:06,2022-08-11 23:59:59,2,0,2022-08-11 23:59:59,37.98,23888,IT,LA VALLETTA BRIANZA,LC,LOMBARDIA
141,Shipped,StandardOrder,0,0,2022-09-03 22:20:04,2022,202209,2022Q3,2022W35,6,2022-09-05 03:31:37,2022-09-04 23:59:59,1,0,2022-09-04 23:59:59,27.99,63100,IT,ASCOLI PICENO,AP,MARCHE
186,Shipped,StandardOrder,0,0,2022-09-17 11:02:35,2022,202209,2022Q3,2022W37,6,2022-09-18 00:27:55,2022-09-18 23:59:59,1,0,2022-09-18 23:59:59,27.99,20137,IT,MILANO,MI,LOMBARDIA
044,Shipped,StandardOrder,0,0,2022-08-12 13:47:02,2022,202208,2022Q3,2022W32,5,2022-08-12 20:39:24,2022-08-12 23:59:59,1,0,2022-08-12 23:59:59,18.99,36047,IT,MONTEGALDA,VI,VENETO
168,Canceled,StandardOrder,0,0,2022-09-08 14:54:18,2022,202209,2022Q3,2022W36,4,2022-09-13 15:01:59,2022-09-08 23:59:59,0,0,2022-09-08 23:59:59,0.0,NA,NA,NA,NaN,NAN
358,Shipped,StandardOrder,0,0,2022-10-06 14:58:44,2022,202210,2022Q4,2022W40,4,2022-10-06 18:41:00,2022-10-06 23:59:59,1,0,2022-10-06 23:59:59,19.99,21040,IT,MORAZZONE,VA,LOMBARDIA
429,Shipped,StandardOrder,0,0,2022-10-09 19:24:22,2022,202210,2022Q4,2022W40,7,2022-10-10 19:40:11,2022-10-10 23:59:59,1,0,2022-10-10 23:59:59,18.99,00040,IT,COLLE ROMITO,RM,LAZIO
011,Shipped,StandardOrder,0,0,2022-08-05 19:57:31,2022,202208,2022Q3,2022W31,5,2022-08-06 00:05:34,2022-08-05 23:59:59,1,0,2022-08-05 23:59:59,17.99,50124,IT,FIRENZE,FI,TOSCANA
213,Shipped,StandardOrder,0,0,2022-09-20 00:01:37,2022,202209,2022Q3,2022W38,2,2022-09-21 02:56:09,2022-09-20 23:59:59,1,0,2022-09-20 23:59:59,20.99,22100,IT,COMO,CO,LOMBARDIA
091,Shipped,StandardOrder,0,0,2022-08-22 21:17:40,2022,202208,2022Q3,2022W34,1,2022-08-23 01:53:35,2022-08-23 23:59:59,2,0,2022-08-23 23:59:59,37.98,00133,IT,ROMA,RM,LAZIO
095,Shipped,StandardOrder,0,0,2022-08-23 09:06:34,2022,202208,2022Q3,2022W34,2,2022-08-23 23:46:40,2022-08-24 23:59:59,1,0,2022-08-24 23:59:59,18.99,21040,IT,ORIGGIO,VA,LOMBARDIA
237,Shipped,StandardOrder,0,0,2022-09-26 09:35:42,2022,202209,2022Q3,2022W39,1,2022-09-27 02:16:37,2022-09-27 23:59:59,1,0,2022-09-27 23:59:59,20.99,20154,IT,MILANO,MI,LOMBARDIA
123,Shipped,StandardOrder,0,0,2022-08-29 12:13:24,2022,202208,2022Q3,2022W35,1,2022-08-29 15:30:52,2022-08-29 23:59:59,1,0,2022-08-29 23:59:59,27.99,10090,IT,GASSINO TORINESE,TO,PIEMONTE
396,Shipped,StandardOrder,0,0,2022-10-08 10:35:14,2022,202210,2022Q4,2022W40,6,2022-10-08 22:32:44,2022-10-09 23:59:59,1,0,2022-10-09 23:59:59,19.99,37016,IT,GARDA,VR,VENETO
060,Shipped,StandardOrder,0,0,2022-08-15 19:17:56,2022,202208,2022Q3,2022W33,1,2022-08-17 00:07:55,2022-08-16 23:59:59,1,0,2022-08-16 23:59:59,18.99,17052,IT,BORGHETTO SANTO SPIRITO,SV,LIGURIA
128,Shipped,StandardOrder,0,0,2022-08-31 09:07:55,2022,202208,2022Q3,2022W35,3,2022-09-01 14:45:52,2022-09-01 23:59:59,1,0,2022-09-01 23:59:59,27.99,10147,IT,TORINO,TO,PIEMONTE
231,Shipped,StandardOrder,0,0,2022-09-25 10:51:17,2022,202209,2022Q3,2022W38,7,2022-09-25 22:24:14,2022-09-25 23:59:59,1,0,2022-09-25 23:59:59,20.99,15121,IT,ALESSANDRIA,AL,PIEMONTE
456,Shipped,StandardOrder,0,0,2022-10-11 15:55:20,2022,202210,2022Q4,2022W41,2,2022-10-11 22:54:15,2022-10-11 23:59:59,1,0,2022-10-11 23:59:59,20.99,10064,IT,PINEROLO,TO,PIEMONTE
149,Shipped,StandardOrder,0,0,2022-08-29 10:24:42,2022,202208,2022Q3,2022W35,1,2022-09-07 02:00:04,2022-09-08 23:59:59,2,0,2022-09-08 23:59:59,41.98,25030,IT,RONCADELLE,BS,LOMBARDIA
362,Shipped,StandardOrder,0,0,2022-10-06 13:57:34,2022,202210,2022Q4,2022W40,4,2022-10-06 22:35:15,2022-10-07 23:59:59,1,0,2022-10-07 23:59:59,19.99,06019,IT,UMBERTIDE,PG,UMBRIA
025,Shipped,StandardOrder,0,0,2022-08-08 17:51:08,2022,202208,2022Q3,2022W32,1,2022-08-09 18:43:13,2022-08-08 23:59:59,1,0,2022-08-08 23:59:59,18.99,57025,IT,PIOMBINO,LI,TOSCANA
438,Shipped,StandardOrder,0,0,2022-10-10 18:55:24,2022,202210,2022Q4,2022W41,1,2022-10-10 23:46:56,2022-10-11 23:59:59,1,0,2022-10-11 23:59:59,19.99,24020,IT,SCANZOROSCIATE,BG,LOMBARDIA
472,Shipped,StandardOrder,0,0,2022-10-11 19:55:09,2022,202210,2022Q4,2022W41,2,2022-10-12 17:22:52,2022-10-12 23:59:59,1,0,2022-10-12 23:59:59,19.99,20121,IT,MILANO,MI,LOMBARDIA
206,Shipped,StandardOrder,0,0,2022-09-20 08:22:04,2022,202209,2022Q3,2022W38,2,2022-09-20 18:03:57,2022-09-21 23:59:59,1,0,2022-09-21 23:59:59,14.99,20151,IT,MILANO,MI,LOMBARDIA
258,Shipped,StandardOrder,0,0,2022-09-28 11:23:54,2022,202209,2022Q3,2022W39,3,2022-09-29 02:27:03,2022-09-29 23:59:59,1,0,2022-09-29 23:59:59,20.99,00148,IT,ROMA,RM,LAZIO
369,Shipped,StandardOrder,0,0,2022-10-06 20:15:17,2022,202210,2022Q4,2022W40,4,2022-10-07 01:22:00,2022-10-06 23:59:59,2,0,2022-10-06 23:59:59,39.98,29010,IT,CALENDASCO,PC,EMILIA-ROMAGNA
457,Shipped,StandardOrder,0,0,2022-10-11 15:37:50,2022,202210,2022Q4,2022W41,2,2022-10-11 22:55:19,2022-10-11 23:59:59,1,0,2022-10-11 23:59:59,20.99,12050,IT,GUARENE,CN,PIEMONTE
205,Shipped,StandardOrder,0,0,2022-09-19 22:31:50,2022,202209,2022Q3,2022W38,1,2022-09-20 17:24:23,2022-09-20 23:59:59,1,0,2022-09-20 23:59:59,22.99,80013,IT,CASALNUOVO DI NAPOLI,NaN,CAMPANIA
250,Shipped,StandardOrder,0,0,2022-09-26 23:39:52,2022,202209,2022Q3,2022W39,1,2022-09-28 12:38:27,2022-09-27 23:59:59,1,0,2022-09-27 23:59:59,19.66,37129,IT,PORTA VESCOVO,VR,VENETO
452,Shipped,StandardOrder,0,0,2022-10-11 18:54:58,2022,202210,2022Q4,2022W41,2,2022-10-11 21:22:24,2022-10-11 23:59:59,1,0,2022-10-11 23:59:59,19.99,48014,IT,CASTEL BOLOGNESE,RA,EMILIA-ROMAGNA
082,Shipped,StandardOrder,0,0,2022-08-19 22:56:39,2022,202208,2022Q3,2022W33,5,2022-08-21 00:22:33,2022-08-20 23:59:59,1,0,2022-08-20 23:59:59,18.99,23888,IT,LA VALLETTA BRIANZA,LC,LOMBARDIA
169,Shipped,StandardOrder,0,0,2022-09-12 14:26:25,2022,202209,2022Q3,2022W37,1,2022-09-13 16:48:11,2022-09-13 23:59:59,1,0,2022-09-13 23:59:59,34.99,87060,IT,MIRTO,CS,CALABRIA
411,Shipped,StandardOrder,0,0,2022-10-09 09:48:29,2022,202210,2022Q4,2022W40,7,2022-10-09 22:49:25,2022-10-10 23:59:59,1,0,2022-10-10 23:59:59,19.99,37023,IT,GREZZANA,VR,VENETO
377,Shipped,StandardOrder,0,0,2022-10-06 15:30:06,2022,202210,2022Q4,2022W40,4,2022-10-07 14:02:26,2022-10-07 23:59:59,1,0,2022-10-07 23:59:59,18.99,88841,IT,CAPO RIZZUTO,KR,CALABRIA
019,Canceled,StandardOrder,0,0,2022-08-08 17:30:52,2022,202208,2022Q3,2022W32,1,2022-08-08 17:37:04,2022-08-09 23:59:59,0,0,2022-08-09 23:59:59,0.0,NA,NA,NA,NaN,NAN
035,Shipped,StandardOrder,0,0,2022-08-10 22:07:09,2022,202208,2022Q3,2022W32,3,2022-08-11 12:33:30,2022-08-11 23:59:59,1,0,2022-08-11 23:59:59,18.99,33084,IT,CORDENONS,PN,FRIULI-VENEZIA GIULIA
066,Shipped,StandardOrder,0,0,2022-08-17 02:27:42,2022,202208,2022Q3,2022W33,3,2022-08-17 23:33:13,2022-08-17 23:59:59,1,0,2022-08-17 23:59:59,19.99,35010,IT,CAMPO SAN MARTINO,PD,VENETO
097,Shipped,StandardOrder,0,0,2022-08-24 12:23:15,2022,202208,2022Q3,2022W34,3,2022-08-24 18:08:07,2022-08-24 23:59:59,3,0,2022-08-24 23:59:59,56.97,00133,IT,ROMA,RM,LAZIO
098,Shipped,StandardOrder,0,0,2022-08-24 13:07:34,2022,202208,2022Q3,2022W34,3,2022-08-24 19:04:35,2022-08-24 23:59:59,1,0,2022-08-24 23:59:59,18.99,35142,IT,PADOVA,PD,VENETO
326,Shipped,StandardOrder,0,0,2022-09-30 09:14:19,2022,202209,2022Q3,2022W39,5,2022-10-04 08:44:49,2022-10-01 23:59:59,1,0,2022-10-01 23:59:59,27.99,56029,IT,STAFFOLI,PI,TOSCANA
417,Shipped,StandardOrder,0,0,2022-10-09 17:48:44,2022,202210,2022Q4,2022W40,7,2022-10-10 02:42:24,2022-10-09 23:59:59,1,0,2022-10-09 23:59:59,18.99,80017,IT,MELITO DI NAPOLI,NaN,CAMPANIA
029,Shipped,StandardOrder,0,0,2022-08-09 14:51:23,2022,202208,2022Q3,2022W32,2,2022-08-10 17:36:46,2022-08-10 23:59:59,1,0,2022-08-10 23:59:59,18.99,47923,IT,VERGIANO DI RIMINI,RN,EMILIA-ROMAGNA
106,Shipped,StandardOrder,0,0,2022-08-25 17:55:11,2022,202208,2022Q3,2022W34,4,2022-08-25 23:59:47,2022-08-26 23:59:59,1,0,2022-08-26 23:59:59,18.99,21056,IT,INDUNO OLONA,VA,LOMBARDIA
193,Shipped,StandardOrder,0,0,2022-09-17 23:28:45,2022,202209,2022Q3,2022W37,6,2022-09-18 08:42:10,2022-09-18 23:59:59,1,0,2022-09-18 23:59:59,34.99,39057,IT,GIRLAN,BZ,TRENTINO-ALTO ADIGE
416,Shipped,StandardOrder,0,0,2022-10-09 21:03:17,2022,202210,2022Q4,2022W40,7,2022-10-10 02:40:04,2022-10-09 23:59:59,4,0,2022-10-09 23:59:59,75.96,00188,IT,ROMA,RM,LAZIO
454,Shipped,StandardOrder,0,0,2022-10-10 06:49:15,2022,202210,2022Q4,2022W41,1,2022-10-11 22:25:55,2022-10-11 23:59:59,1,0,2022-10-11 23:59:59,18.99,25055,IT,TOLINE,BS,LOMBARDIA
285,Shipped,StandardOrder,0,0,2022-10-01 14:26:13,2022,202210,2022Q4,2022W39,6,2022-10-02 00:05:44,2022-10-02 23:59:59,1,0,2022-10-02 23:59:59,18.99,00066,IT,MANZIANA,RM,LAZIO
227,Shipped,StandardOrder,0,0,2022-09-22 15:34:02,2022,202209,2022Q3,2022W38,4,2022-09-25 09:32:26,2022-09-28 23:59:59,1,0,2022-09-28 23:59:59,20.99,00151,IT,ROMA,RM,LAZIO
287,Shipped,StandardOrder,0,0,2022-10-01 10:05:38,2022,202210,2022Q4,2022W39,6,2022-10-02 01:55:26,2022-10-02 23:59:59,1,0,2022-10-02 23:59:59,18.99,30175,IT,MARGHERA,VE,VENETO
251,Shipped,StandardOrder,0,0,2022-09-28 14:16:21,2022,202209,2022Q3,2022W39,3,2022-09-28 18:05:19,2022-09-28 23:59:59,1,0,2022-09-28 23:59:59,10.99,20024,IT,GARBAGNATE MILANESE,MI,LOMBARDIA
330,Shipped,StandardOrder,0,0,2022-10-03 16:33:47,2022,202210,2022Q4,2022W40,1,2022-10-04 18:02:31,2022-10-04 23:59:59,1,0,2022-10-04 23:59:59,19.99,82016,IT,MONTESARCHIO,BN,CAMPANIA
437,Shipped,StandardOrder,0,0,2022-10-10 16:57:13,2022,202210,2022Q4,2022W41,1,2022-10-10 23:42:15,2022-10-10 23:59:59,1,0,2022-10-10 23:59:59,19.99,47863,IT,NOVAFELTRIA,RN,EMILIA-ROMAGNA
004,Shipped,StandardOrder,0,0,2022-08-02 15:55:46,2022,202208,2022Q3,2022W31,2,2022-08-03 01:16:48,2022-08-03 23:59:59,1,0,2022-08-03 23:59:59,20.99,17051,IT,ANDORA,SV,LIGURIA
154,Shipped,StandardOrder,0,0,2022-09-08 17:34:10,2022,202209,2022Q3,2022W36,4,2022-09-08 22:14:20,2022-09-08 23:59:59,1,0,2022-09-08 23:59:59,20.99,61032,IT,FANO,PU,MARCHE
399,Shipped,StandardOrder,0,0,2022-10-08 11:17:02,2022,202210,2022Q4,2022W40,6,2022-10-09 00:03:24,2022-10-08 23:59:59,1,0,2022-10-08 23:59:59,18.99,60018,IT,MONTEMARCIANO,AN,MARCHE
138,Shipped,StandardOrder,1,0,2022-09-04 10:55:24,2022,202209,2022Q3,2022W35,7,2022-09-04 22:18:56,2022-09-05 23:59:59,3,0,2022-09-05 23:59:59,56.94,13886,IT,VIVERONE,BI,PIEMONTE
191,Shipped,StandardOrder,0,0,2022-09-17 16:04:27,2022,202209,2022Q3,2022W37,6,2022-09-18 02:34:50,2022-09-18 23:59:59,1,0,2022-09-18 23:59:59,27.99,25030,IT,CASTELCOVATI,BS,LOMBARDIA
